Age,Gender,DistanceFromHome,JobLevel,MonthlyIncome,PerformanceRating,JobSatisfaction,Cluster,Cluster_Name,Department,Attrition
41,1,1,2,5993,3,4,3,Female employees,Sales,Yes
49,0,8,2,5130,4,2,1,High performers,Research & Development,No
37,0,2,1,2090,3,3,0,Men who like their jobs,Research & Development,Yes
33,1,3,1,2909,3,3,3,Female employees,Research & Development,No
27,0,2,1,3468,3,2,5,Men who dislike their jobs,Research & Development,No
32,0,2,1,3068,3,4,0,Men who like their jobs,Research & Development,No
59,1,3,1,2670,4,1,1,High performers,Research & Development,No
30,0,24,1,2693,4,3,1,High performers,Research & Development,No
38,0,23,3,9526,4,3,1,High performers,Research & Development,No
36,0,27,2,5237,3,3,2,Long commuters,Research & Development,No
35,0,16,1,2426,3,2,5,Men who dislike their jobs,Research & Development,No
29,1,15,2,4193,3,3,3,Female employees,Research & Development,No
31,0,26,1,2911,3,3,2,Long commuters,Research & Development,No
34,0,19,1,2661,3,4,2,Long commuters,Research & Development,No
28,0,24,1,2028,3,3,2,Long commuters,Research & Development,Yes
29,1,21,3,9980,3,1,2,Long commuters,Research & Development,No
32,0,5,1,3298,3,2,5,Men who dislike their jobs,Research & Development,No
22,0,16,1,2935,3,4,0,Men who like their jobs,Research & Development,No
53,1,2,4,15427,3,4,4,Senior employees,Sales,No
38,0,2,1,3944,3,4,0,Men who like their jobs,Research & Development,No
24,1,11,2,4011,3,3,3,Female employees,Research & Development,No
36,0,9,1,3407,4,1,1,High performers,Sales,Yes
34,1,7,3,11994,3,2,3,Female employees,Research & Development,No
21,0,15,1,1232,3,4,0,Men who like their jobs,Research & Development,No
34,0,6,1,2960,3,1,5,Men who dislike their jobs,Research & Development,Yes
53,1,5,5,19094,3,3,4,Senior employees,Research & Development,No
32,1,16,1,3919,4,1,1,High performers,Research & Development,Yes
42,0,8,2,6825,3,2,5,Men who dislike their jobs,Sales,No
44,1,7,3,10248,3,4,3,Female employees,Research & Development,No
46,1,2,5,18947,3,1,4,Senior employees,Sales,No
33,0,2,1,2496,3,4,0,Men who like their jobs,Research & Development,No
44,0,10,2,6465,3,4,0,Men who like their jobs,Research & Development,No
30,0,9,1,2206,3,3,0,Men who like their jobs,Research & Development,No
39,0,5,2,2086,3,4,0,Men who like their jobs,Sales,Yes
24,0,1,1,2293,3,4,0,Men who like their jobs,Research & Development,Yes
43,1,2,1,2645,3,3,3,Female employees,Research & Development,No
50,0,3,1,2683,3,3,0,Men who like their jobs,Sales,Yes
35,1,2,1,2014,3,4,3,Female employees,Sales,No
36,1,5,1,3419,3,1,3,Female employees,Research & Development,No
33,1,1,2,5376,3,1,3,Female employees,Sales,No
35,0,4,1,1951,3,4,0,Men who like their jobs,Research & Development,No
27,1,2,1,2341,3,1,3,Female employees,Research & Development,No
26,0,25,1,2293,3,3,2,Long commuters,Research & Development,Yes
27,0,8,3,8726,3,3,0,Men who like their jobs,Sales,No
30,1,1,2,4011,4,4,1,High performers,Research & Development,No
41,1,12,5,19545,3,3,4,Senior employees,Research & Development,Yes
34,0,23,2,4568,4,3,1,High performers,Sales,No
37,0,19,1,3022,4,2,1,High performers,Research & Development,No
46,0,5,2,5772,4,4,1,High performers,Sales,No
35,0,8,1,2269,3,4,0,Men who like their jobs,Research & Development,No
48,0,1,3,5381,3,3,0,Men who like their jobs,Research & Development,Yes
28,0,5,1,3441,3,3,0,Men who like their jobs,Research & Development,Yes
44,1,1,2,5454,4,1,1,High performers,Sales,No
35,0,11,3,9884,3,1,5,Men who dislike their jobs,Research & Development,No
26,1,23,2,4157,3,4,2,Long commuters,Sales,No
33,1,1,3,13458,3,4,3,Female employees,Research & Development,No
35,0,18,3,9069,4,1,1,High performers,Sales,No
35,1,23,1,4014,3,1,2,Long commuters,Research & Development,No
31,0,7,2,5915,4,4,1,High performers,Research & Development,No
37,0,1,2,5993,3,3,0,Men who like their jobs,Research & Development,No
32,0,1,2,6162,4,4,1,High performers,Research & Development,No
38,1,29,2,2406,3,4,2,Long commuters,Research & Development,No
50,1,7,5,18740,3,3,4,Senior employees,Research & Development,No
59,1,25,3,7637,3,1,2,Long commuters,Sales,No
36,1,8,3,10096,3,3,3,Female employees,Research & Development,No
55,1,8,4,14756,3,3,4,Senior employees,Research & Development,No
36,0,11,2,6499,3,2,5,Men who dislike their jobs,Research & Development,No
45,0,7,3,9724,3,1,5,Men who dislike their jobs,Research & Development,No
35,0,1,1,2194,3,1,5,Men who dislike their jobs,Research & Development,No
36,0,9,1,3388,3,3,0,Men who like their jobs,Research & Development,Yes
59,1,1,2,5473,3,3,3,Female employees,Sales,No
29,0,2,1,2703,4,2,1,High performers,Research & Development,No
31,0,1,1,2501,3,2,5,Men who dislike their jobs,Research & Development,No
32,0,1,2,6220,3,2,5,Men who dislike their jobs,Research & Development,No
36,1,6,1,3038,3,4,3,Female employees,Research & Development,No
31,1,8,2,4424,4,4,1,High performers,Research & Development,No
35,0,1,2,4312,3,1,5,Men who dislike their jobs,Sales,No
45,0,6,3,13245,3,1,4,Senior employees,Research & Development,No
37,0,7,3,13664,3,3,4,Senior employees,Research & Development,No
46,0,5,2,5021,4,2,1,High performers,Human Resources,No
30,0,1,2,5126,3,4,0,Men who like their jobs,Research & Development,No
35,0,1,1,2859,3,3,0,Men who like their jobs,Research & Development,No
55,0,1,3,10239,3,4,4,Senior employees,Sales,No
38,1,6,2,5329,3,4,3,Female employees,Research & Development,No
34,0,1,2,4325,3,2,5,Men who dislike their jobs,Research & Development,No
56,0,7,3,7260,3,4,4,Senior employees,Research & Development,No
23,0,2,1,2322,3,1,5,Men who dislike their jobs,Sales,No
51,0,9,1,2075,4,4,1,High performers,Research & Development,No
30,0,2,2,4152,3,4,0,Men who like their jobs,Research & Development,No
46,0,9,3,9619,3,4,0,Men who like their jobs,Sales,Yes
40,0,1,4,13503,4,2,4,Senior employees,Research & Development,No
51,0,21,2,5441,4,4,1,High performers,Sales,No
30,1,4,2,5209,3,2,3,Female employees,Sales,No
46,0,1,3,10673,3,1,5,Men who dislike their jobs,Research & Development,No
32,0,6,2,5010,3,3,0,Men who like their jobs,Sales,No
54,1,2,3,13549,3,3,4,Senior employees,Research & Development,No
24,1,3,2,4999,4,3,1,High performers,Sales,No
28,0,4,2,4221,3,3,0,Men who like their jobs,Sales,No
58,0,10,4,13872,3,3,4,Senior employees,Sales,No
44,0,23,2,2042,3,2,2,Long commuters,Research & Development,No
37,0,6,1,2073,4,1,1,High performers,Human Resources,Yes
32,0,1,1,2956,3,1,5,Men who dislike their jobs,Research & Development,No
20,1,6,1,2926,3,4,3,Female employees,Research & Development,Yes
34,1,6,2,4809,3,3,3,Female employees,Research & Development,No
37,0,2,2,5163,3,4,0,Men who like their jobs,Research & Development,No
59,1,2,5,18844,4,4,4,Senior employees,Human Resources,No
50,1,1,5,18172,3,2,4,Senior employees,Research & Development,No
25,0,5,2,5744,3,3,0,Men who like their jobs,Sales,Yes
25,0,7,1,2889,3,4,0,Men who like their jobs,Research & Development,No
22,1,15,1,2871,3,4,3,Female employees,Research & Development,No
51,1,1,3,7484,4,1,1,High performers,Research & Development,No
34,0,7,2,6074,4,3,1,High performers,Research & Development,Yes
54,1,26,4,17328,3,4,4,Senior employees,Human Resources,No
24,0,18,1,2774,3,3,2,Long commuters,Research & Development,No
34,1,6,2,4505,3,2,3,Female employees,Research & Development,No
37,0,3,3,7428,3,4,0,Men who like their jobs,Sales,No
34,1,5,3,11631,3,1,3,Female employees,Research & Development,No
36,1,11,3,9738,3,4,3,Female employees,Sales,No
36,1,3,1,2835,4,4,1,High performers,Research & Development,No
43,0,26,4,16959,3,4,4,Senior employees,Sales,No
30,0,23,1,2613,4,3,1,High performers,Research & Development,No
33,0,22,2,6146,3,2,2,Long commuters,Sales,No
56,1,14,1,4963,3,2,3,Female employees,Research & Development,Yes
51,0,6,5,19537,3,3,4,Senior employees,Research & Development,No
31,0,6,2,6172,3,3,0,Men who like their jobs,Sales,Yes
26,1,6,1,2368,3,2,3,Female employees,Research & Development,No
58,1,23,3,10312,3,4,4,Senior employees,Research & Development,Yes
19,0,22,1,1675,3,3,2,Long commuters,Sales,Yes
22,0,2,1,2523,3,4,0,Men who like their jobs,Research & Development,No
49,1,20,2,6567,3,1,2,Long commuters,Research & Development,No
43,1,28,1,4739,3,3,2,Long commuters,Research & Development,No
50,1,12,3,9208,3,4,4,Senior employees,Sales,No
31,1,20,2,4559,3,3,2,Long commuters,Sales,Yes
41,0,9,3,8189,3,3,0,Men who like their jobs,Sales,No
26,1,25,1,2942,4,3,1,High performers,Human Resources,No
36,0,6,2,4941,4,2,1,High performers,Research & Development,No
51,0,8,3,10650,3,4,4,Senior employees,Research & Development,Yes
39,1,4,2,5902,3,3,3,Female employees,Sales,No
25,0,28,2,8639,3,3,2,Long commuters,Sales,No
30,0,9,2,6347,3,4,0,Men who like their jobs,Human Resources,No
32,1,9,1,4200,4,1,1,High performers,Research & Development,Yes
45,0,29,1,3452,3,4,2,Long commuters,Research & Development,No
38,1,3,2,4317,4,3,1,High performers,Research & Development,No
30,1,18,1,2632,3,3,3,Female employees,Research & Development,No
32,0,9,2,4668,3,4,0,Men who like their jobs,Sales,No
30,1,5,1,3204,3,1,3,Female employees,Research & Development,No
30,0,2,1,2720,3,4,0,Men who like their jobs,Research & Development,No
41,0,10,4,17181,3,1,4,Senior employees,Research & Development,No
41,0,9,1,2238,4,1,1,High performers,Research & Development,No
19,1,3,1,1483,3,2,3,Female employees,Research & Development,No
40,1,26,2,5605,3,2,2,Long commuters,Research & Development,No
35,0,1,3,7295,3,2,5,Men who dislike their jobs,Sales,No
53,0,6,2,2306,4,3,1,High performers,Sales,No
45,0,9,2,2348,3,2,5,Men who dislike their jobs,Research & Development,No
32,1,8,3,8998,3,4,3,Female employees,Sales,No
29,0,1,2,4319,3,3,0,Men who like their jobs,Research & Development,No
51,0,7,2,6132,3,3,0,Men who like their jobs,Research & Development,No
58,1,9,1,3346,4,2,1,High performers,Research & Development,No
40,0,4,3,10855,3,4,0,Men who like their jobs,Sales,No
34,1,2,1,2231,3,3,3,Female employees,Sales,No
22,0,19,1,2323,4,4,1,High performers,Research & Development,No
27,0,9,1,2024,3,2,5,Men who dislike their jobs,Research & Development,No
28,0,21,1,2713,3,4,2,Long commuters,Research & Development,No
57,0,24,3,9439,3,4,2,Long commuters,Research & Development,No
27,0,3,1,2566,3,3,0,Men who like their jobs,Research & Development,No
50,1,11,5,19926,3,2,4,Senior employees,Research & Development,No
41,0,14,1,2451,3,3,0,Men who like their jobs,Research & Development,No
30,1,5,3,9419,3,4,3,Female employees,Sales,No
38,1,1,2,8686,4,4,1,High performers,Sales,No
32,0,6,1,3038,4,3,1,High performers,Research & Development,No
27,0,17,1,3058,3,2,5,Men who dislike their jobs,Research & Development,No
19,1,1,1,2325,4,1,1,High performers,Sales,Yes
36,0,3,1,2088,3,2,5,Men who dislike their jobs,Research & Development,No
30,0,9,2,3072,3,1,5,Men who dislike their jobs,Research & Development,No
45,1,4,2,5006,3,1,3,Female employees,Sales,No
56,1,8,1,4257,3,1,3,Female employees,Research & Development,No
33,0,2,1,2500,3,4,0,Men who like their jobs,Research & Development,No
19,0,2,1,1102,4,4,1,High performers,Research & Development,Yes
46,1,1,3,10453,4,1,1,High performers,Sales,No
38,1,9,1,2288,3,4,3,Female employees,Research & Development,No
31,1,12,1,3929,4,4,1,High performers,Research & Development,No
34,1,27,1,2311,3,2,2,Long commuters,Research & Development,No
41,1,20,1,3140,4,2,1,High performers,Sales,Yes
50,0,1,1,3690,3,3,0,Men who like their jobs,Research & Development,No
53,1,13,2,4450,3,1,3,Female employees,Research & Development,No
33,1,14,1,2756,3,2,3,Female employees,Research & Development,No
40,1,4,5,19033,3,3,4,Senior employees,Research & Development,No
55,0,14,5,18722,3,2,4,Senior employees,Research & Development,No
34,0,2,2,9547,3,3,0,Men who like their jobs,Research & Development,No
51,1,3,4,13734,3,2,4,Senior employees,Research & Development,No
52,0,1,5,19999,3,3,4,Senior employees,Research & Development,No
27,1,9,1,2279,3,2,3,Female employees,Research & Development,No
35,0,23,2,5916,3,3,2,Long commuters,Research & Development,Yes
43,0,7,1,2089,3,4,0,Men who like their jobs,Research & Development,No
45,0,2,4,16792,4,4,4,Senior employees,Research & Development,No
37,0,21,1,3564,3,1,2,Long commuters,Research & Development,No
35,1,2,2,4425,3,2,3,Female employees,Research & Development,No
42,1,21,2,5265,3,3,2,Long commuters,Research & Development,No
38,0,2,2,6553,3,3,0,Men who like their jobs,Research & Development,No
38,0,29,2,6261,3,4,2,Long commuters,Research & Development,No
27,0,1,2,4298,3,1,5,Men who dislike their jobs,Research & Development,No
49,0,18,2,6804,3,4,2,Long commuters,Research & Development,No
34,0,10,1,3815,3,3,0,Men who like their jobs,Research & Development,No
40,0,19,2,2741,3,4,2,Long commuters,Research & Development,No
38,0,29,2,6673,3,1,2,Long commuters,Research & Development,Yes
29,1,27,3,7639,4,4,1,High performers,Sales,Yes
22,0,5,1,2328,3,2,5,Men who dislike their jobs,Research & Development,No
36,1,18,1,2153,3,4,3,Female employees,Research & Development,No
40,0,9,2,4876,3,4,0,Men who like their jobs,Research & Development,No
46,0,1,3,9396,3,1,5,Men who dislike their jobs,Research & Development,No
32,0,4,3,10400,3,4,0,Men who like their jobs,Sales,Yes
30,0,1,3,8474,4,3,1,High performers,Research & Development,No
27,1,20,2,9981,3,3,2,Long commuters,Sales,No
51,0,8,3,12490,3,2,4,Senior employees,Research & Development,No
30,1,3,1,2657,3,1,3,Female employees,Research & Development,Yes
41,1,6,3,13591,3,4,4,Senior employees,Sales,No
30,1,26,2,6696,3,1,2,Long commuters,Sales,Yes
29,0,1,1,2058,3,3,0,Men who like their jobs,Research & Development,Yes
45,1,6,3,8865,3,4,3,Female employees,Sales,No
54,1,3,2,5940,3,1,3,Female employees,Sales,No
36,0,5,2,5914,3,2,5,Men who dislike their jobs,Research & Development,No
33,1,4,1,2622,4,2,1,High performers,Research & Development,No
37,0,11,3,12185,3,4,0,Men who like their jobs,Research & Development,No
38,0,3,3,10609,3,3,0,Men who like their jobs,Sales,No
31,0,1,2,4345,3,3,0,Men who like their jobs,Research & Development,No
59,0,3,1,2177,3,4,0,Men who like their jobs,Research & Development,No
37,0,4,1,2793,3,4,0,Men who like their jobs,Sales,No
29,1,1,3,7918,3,4,3,Female employees,Sales,No
35,1,1,3,8789,3,3,3,Female employees,Sales,No
29,0,18,1,2389,3,4,2,Long commuters,Research & Development,Yes
52,1,2,1,3212,3,4,3,Female employees,Research & Development,No
42,0,4,5,19232,3,4,4,Senior employees,Research & Development,No
59,0,6,1,2267,3,3,0,Men who like their jobs,Human Resources,No
50,1,1,5,19517,3,4,4,Senior employees,Sales,No
33,0,14,1,2436,3,4,0,Men who like their jobs,Research & Development,Yes
43,1,16,4,16064,4,4,4,Senior employees,Sales,No
33,1,2,1,2707,4,1,1,High performers,Research & Development,Yes
52,0,2,5,19068,3,3,4,Senior employees,Sales,No
32,1,4,1,3931,3,2,3,Female employees,Sales,No
32,0,1,1,3730,3,3,0,Men who like their jobs,Research & Development,Yes
39,1,1,1,2232,3,3,3,Female employees,Research & Development,No
32,0,26,2,4465,3,4,2,Long commuters,Sales,No
41,0,19,2,3072,3,1,5,Men who dislike their jobs,Research & Development,No
40,0,24,2,3319,3,4,2,Long commuters,Research & Development,No
45,0,1,5,19202,3,4,4,Senior employees,Research & Development,No
31,0,3,3,13675,3,3,0,Men who like their jobs,Research & Development,No
33,1,5,1,2911,3,4,3,Female employees,Research & Development,No
34,0,2,2,5957,3,1,5,Men who dislike their jobs,Research & Development,No
37,1,1,1,3920,3,1,3,Female employees,Research & Development,No
45,0,7,2,6434,3,3,0,Men who like their jobs,Research & Development,No
37,0,10,3,10048,3,3,0,Men who like their jobs,Research & Development,Yes
39,1,2,3,10938,4,3,1,High performers,Research & Development,No
29,0,15,1,2340,3,4,0,Men who like their jobs,Research & Development,No
42,1,17,2,6545,3,1,3,Female employees,Research & Development,No
29,0,20,2,6931,3,4,2,Long commuters,Sales,No
25,1,1,2,4898,3,3,3,Female employees,Research & Development,No
42,1,2,1,2593,3,1,3,Female employees,Research & Development,No
40,0,2,5,19436,3,3,4,Senior employees,Research & Development,No
51,0,1,1,2723,3,4,0,Men who like their jobs,Research & Development,No
31,0,29,1,3479,3,2,2,Long commuters,Research & Development,Yes
32,0,7,1,2794,4,2,1,High performers,Research & Development,No
38,0,2,2,5249,3,4,0,Men who like their jobs,Sales,No
32,0,2,2,2176,3,1,5,Men who dislike their jobs,Research & Development,No
46,1,2,4,16872,3,2,4,Senior employees,Sales,No
28,0,2,1,3485,3,3,0,Men who like their jobs,Research & Development,Yes
29,0,2,2,6644,3,2,5,Men who dislike their jobs,Sales,No
31,0,23,2,5582,4,4,1,High performers,Research & Development,No
25,0,5,2,4000,3,1,5,Men who dislike their jobs,Research & Development,No
45,0,20,4,13496,3,4,4,Senior employees,Research & Development,No
36,0,6,1,3210,3,4,0,Men who like their jobs,Research & Development,No
55,0,1,5,19045,3,1,4,Senior employees,Research & Development,No
47,0,29,3,11849,3,2,2,Long commuters,Research & Development,Yes
28,0,9,1,2070,4,4,1,High performers,Research & Development,No
37,0,6,2,6502,3,4,0,Men who like their jobs,Sales,No
21,0,3,1,3230,3,3,0,Men who like their jobs,Research & Development,No
37,1,1,3,13603,3,4,4,Senior employees,Research & Development,No
35,1,22,3,11996,3,2,2,Long commuters,Research & Development,No
38,1,7,2,5605,4,1,1,High performers,Sales,No
26,1,1,2,6397,4,2,1,High performers,Research & Development,No
50,0,4,5,19144,3,2,4,Senior employees,Research & Development,No
53,0,3,4,17584,3,3,4,Senior employees,Research & Development,No
42,0,1,2,4907,4,3,1,High performers,Sales,No
29,0,2,2,4554,3,4,0,Men who like their jobs,Sales,No
55,0,20,2,5415,3,4,2,Long commuters,Research & Development,No
26,0,11,2,4741,3,1,5,Men who dislike their jobs,Research & Development,No
37,1,1,1,2115,3,4,3,Female employees,Research & Development,No
44,0,24,1,3161,4,3,1,High performers,Research & Development,Yes
38,0,23,2,5745,3,4,2,Long commuters,Research & Development,No
26,0,16,1,2373,3,2,5,Men who dislike their jobs,Research & Development,Yes
28,1,8,1,3310,4,4,1,High performers,Research & Development,No
49,1,10,5,18665,3,1,4,Senior employees,Research & Development,No
36,0,3,2,4485,3,2,5,Men who dislike their jobs,Research & Development,No
31,1,5,1,2789,3,2,3,Female employees,Sales,No
26,0,4,2,5828,3,4,0,Men who like their jobs,Sales,Yes
37,0,9,1,2326,3,4,0,Men who like their jobs,Research & Development,No
42,1,26,4,13525,3,2,4,Senior employees,Sales,No
18,0,3,1,1420,3,3,0,Men who like their jobs,Research & Development,Yes
35,0,16,3,8020,3,2,2,Long commuters,Sales,No
36,0,18,1,3688,3,4,2,Long commuters,Research & Development,No
51,0,2,2,5482,3,2,5,Men who dislike their jobs,Research & Development,No
41,0,2,4,16015,3,2,4,Senior employees,Sales,No
18,1,10,1,1200,3,3,3,Female employees,Sales,No
28,0,16,2,5661,3,1,5,Men who dislike their jobs,Research & Development,No
31,0,7,2,6929,3,4,0,Men who like their jobs,Sales,No
39,0,1,3,9613,3,4,0,Men who like their jobs,Research & Development,No
36,1,24,2,5674,3,2,2,Long commuters,Research & Development,No
32,0,7,2,5484,3,3,0,Men who like their jobs,Sales,No
38,1,25,3,12061,3,2,2,Long commuters,Research & Development,No
58,0,1,2,5660,3,3,0,Men who like their jobs,Research & Development,No
31,0,5,1,4821,3,4,0,Men who like their jobs,Research & Development,No
31,0,2,2,6410,3,1,5,Men who dislike their jobs,Human Resources,No
45,0,7,3,5210,3,1,5,Men who dislike their jobs,Research & Development,No
31,0,2,1,2695,3,4,0,Men who like their jobs,Research & Development,No
33,1,5,3,11878,3,2,3,Female employees,Research & Development,No
39,0,10,4,17068,3,1,4,Senior employees,Research & Development,No
43,1,10,1,2455,3,4,3,Female employees,Research & Development,No
49,1,1,4,13964,3,3,4,Senior employees,Research & Development,No
52,0,8,2,4941,3,2,5,Men who dislike their jobs,Research & Development,Yes
27,1,5,1,2478,3,2,3,Female employees,Research & Development,No
32,1,8,2,5228,3,2,3,Female employees,Sales,No
27,0,2,2,4478,3,3,0,Men who like their jobs,Sales,No
31,0,7,2,7547,3,4,0,Men who like their jobs,Sales,No
32,1,2,2,5055,3,4,3,Female employees,Research & Development,No
28,0,2,1,3464,3,4,0,Men who like their jobs,Research & Development,Yes
30,1,28,2,5775,3,4,2,Long commuters,Research & Development,No
31,1,7,3,8943,4,3,1,High performers,Research & Development,No
39,0,7,5,19272,3,4,4,Senior employees,Research & Development,No
39,1,3,2,5238,3,3,3,Female employees,Sales,Yes
33,0,10,2,4682,3,4,0,Men who like their jobs,Sales,No
47,0,5,5,18300,3,3,4,Senior employees,Research & Development,No
43,1,10,2,5257,3,3,3,Female employees,Research & Development,No
27,0,1,2,6349,3,2,5,Men who dislike their jobs,Sales,No
54,1,20,2,4869,3,3,2,Long commuters,Research & Development,No
43,1,7,3,9985,3,1,3,Female employees,Research & Development,No
45,0,8,2,3697,3,4,0,Men who like their jobs,Research & Development,No
40,0,1,2,7457,4,4,1,High performers,Sales,No
29,0,8,1,2119,3,1,5,Men who dislike their jobs,Research & Development,Yes
29,0,9,1,3983,3,4,0,Men who like their jobs,Research & Development,No
30,1,5,2,6118,3,3,3,Female employees,Sales,No
27,1,8,2,6214,3,2,3,Female employees,Sales,No
37,0,5,2,6347,3,4,0,Men who like their jobs,Research & Development,No
38,0,15,3,11510,3,4,0,Men who like their jobs,Research & Development,No
31,1,7,3,7143,3,4,3,Female employees,Research & Development,No
29,1,10,2,8268,3,2,3,Female employees,Sales,No
35,0,5,3,8095,3,2,5,Men who dislike their jobs,Research & Development,No
23,0,26,1,2904,3,4,2,Long commuters,Research & Development,No
41,0,6,2,6032,3,2,5,Men who dislike their jobs,Research & Development,No
47,0,4,2,2976,3,3,0,Men who like their jobs,Sales,No
42,1,23,4,15992,3,4,4,Senior employees,Research & Development,No
29,0,2,2,4649,3,3,0,Men who like their jobs,Sales,No
42,0,2,1,2696,3,3,0,Men who like their jobs,Human Resources,No
32,1,2,1,2370,3,2,3,Female employees,Research & Development,No
48,1,29,3,12504,4,3,1,High performers,Sales,No
37,0,6,2,5974,3,1,5,Men who dislike their jobs,Research & Development,No
30,1,25,2,4736,3,3,2,Long commuters,Sales,No
26,0,1,2,5296,3,3,0,Men who like their jobs,Sales,No
42,0,2,2,6781,4,4,1,High performers,Research & Development,No
21,1,1,1,2174,3,2,3,Female employees,Sales,Yes
36,1,1,2,6653,3,4,3,Female employees,Sales,No
36,0,3,3,9699,3,4,0,Men who like their jobs,Sales,No
57,0,1,2,6755,3,3,0,Men who like their jobs,Research & Development,No
40,1,10,1,2213,3,3,3,Female employees,Research & Development,No
21,0,9,1,2610,4,4,1,High performers,Sales,No
33,1,5,1,2851,3,3,3,Female employees,Sales,Yes
37,1,10,1,3452,4,1,1,High performers,Research & Development,No
46,1,7,2,5258,3,3,3,Female employees,Research & Development,No
41,0,4,2,9355,3,2,5,Men who dislike their jobs,Sales,Yes
50,0,10,3,10496,3,4,4,Senior employees,Research & Development,No
40,0,22,2,6380,3,3,2,Long commuters,Sales,Yes
31,0,9,1,2657,3,2,5,Men who dislike their jobs,Research & Development,No
21,1,12,1,2716,3,2,3,Female employees,Sales,Yes
29,0,23,1,2201,3,4,2,Long commuters,Research & Development,No
35,0,9,2,6540,3,2,5,Men who dislike their jobs,Research & Development,No
27,0,1,1,3816,3,2,5,Men who dislike their jobs,Research & Development,No
28,0,9,2,5253,3,4,0,Men who like their jobs,Sales,No
49,0,7,3,10965,4,3,1,High performers,Research & Development,No
51,1,14,2,4936,3,4,3,Female employees,Sales,No
36,1,2,1,2543,3,3,3,Female employees,Research & Development,No
34,0,19,2,5304,3,4,2,Long commuters,Sales,Yes
55,1,2,4,16659,3,4,4,Senior employees,Research & Development,No
24,1,10,2,4260,3,3,3,Female employees,Sales,No
30,0,2,1,2476,3,2,5,Men who dislike their jobs,Sales,No
26,0,3,1,3102,4,1,1,High performers,Research & Development,Yes
22,1,11,1,2244,3,2,3,Female employees,Research & Development,No
36,0,2,3,7596,3,3,0,Men who like their jobs,Sales,No
30,0,4,1,2285,4,4,1,High performers,Research & Development,Yes
37,1,14,1,3034,3,1,3,Female employees,Research & Development,No
40,1,2,2,5715,3,2,3,Female employees,Sales,No
42,1,1,1,2576,3,1,3,Female employees,Research & Development,No
37,0,10,2,4197,3,2,5,Men who dislike their jobs,Research & Development,No
43,0,12,4,14336,3,2,4,Senior employees,Research & Development,No
40,1,2,2,3448,4,3,1,High performers,Research & Development,No
54,0,5,5,19406,3,1,4,Senior employees,Research & Development,No
34,1,4,2,6538,3,3,3,Female employees,Sales,No
31,1,7,2,4306,3,1,3,Female employees,Research & Development,No
43,0,21,1,2258,4,4,1,High performers,Research & Development,No
43,1,8,2,4522,3,3,3,Female employees,Research & Development,No
25,1,4,2,4487,3,4,3,Female employees,Sales,No
37,1,25,2,4449,3,3,2,Long commuters,Research & Development,No
31,0,1,1,2218,3,1,5,Men who dislike their jobs,Research & Development,No
39,0,1,5,19197,3,3,4,Senior employees,Research & Development,No
56,1,6,4,13212,3,1,4,Senior employees,Sales,No
30,1,12,2,6577,3,3,3,Female employees,Sales,No
41,0,1,3,8392,3,1,5,Men who dislike their jobs,Sales,No
28,0,17,2,4558,3,1,5,Men who dislike their jobs,Research & Development,No
25,0,3,1,4031,3,1,5,Men who dislike their jobs,Research & Development,Yes
52,0,3,3,7969,3,3,4,Senior employees,Research & Development,No
45,0,10,1,2654,4,4,1,High performers,Research & Development,No
52,1,4,4,16555,3,4,4,Senior employees,Research & Development,No
42,1,29,2,4556,3,3,2,Long commuters,Research & Development,No
30,1,2,2,6091,4,4,1,High performers,Research & Development,No
60,1,7,5,19566,3,1,4,Senior employees,Research & Development,No
46,1,18,2,4810,3,3,2,Long commuters,Research & Development,No
42,1,28,2,4523,3,4,2,Long commuters,Research & Development,No
24,1,1,1,3202,3,2,3,Female employees,Sales,Yes
34,1,6,1,2351,3,3,3,Female employees,Sales,Yes
38,0,2,1,1702,4,4,1,High performers,Research & Development,No
40,1,2,5,18041,3,3,4,Senior employees,Sales,No
26,1,23,1,2886,4,4,1,High performers,Research & Development,No
30,0,3,1,2097,3,4,0,Men who like their jobs,Research & Development,No
29,0,3,3,11935,3,3,0,Men who like their jobs,Research & Development,No
29,1,25,1,2546,3,2,2,Long commuters,Research & Development,Yes
19,0,2,1,2564,3,4,0,Men who like their jobs,Human Resources,Yes
30,1,22,3,8412,3,1,2,Long commuters,Sales,No
57,0,29,4,14118,3,4,4,Senior employees,Sales,No
50,0,29,4,17046,3,3,4,Senior employees,Research & Development,No
30,1,2,1,2564,3,4,3,Female employees,Research & Development,No
60,1,28,3,10266,3,1,4,Senior employees,Sales,No
47,1,2,2,5070,3,4,3,Female employees,Research & Development,No
46,0,2,4,17861,3,3,4,Senior employees,Research & Development,No
35,0,22,1,4230,3,3,2,Long commuters,Research & Development,No
54,1,8,2,3780,3,3,3,Female employees,Research & Development,No
34,0,2,1,2768,3,3,0,Men who like their jobs,Research & Development,No
46,1,10,3,9071,3,4,3,Female employees,Sales,No
31,0,9,3,10648,4,2,1,High performers,Research & Development,No
33,0,15,3,13610,3,3,4,Senior employees,Research & Development,Yes
33,0,10,1,3408,3,4,0,Men who like their jobs,Research & Development,Yes
30,0,7,1,2983,3,2,5,Men who dislike their jobs,Sales,No
35,0,16,3,7632,3,3,2,Long commuters,Research & Development,No
31,0,20,3,9824,3,3,2,Long commuters,Research & Development,Yes
34,1,23,3,9950,3,1,2,Long commuters,Human Resources,Yes
42,0,5,1,2093,3,3,0,Men who like their jobs,Research & Development,No
36,0,10,3,9980,3,4,0,Men who like their jobs,Sales,No
22,0,4,1,3894,3,3,0,Men who like their jobs,Research & Development,Yes
48,1,2,2,4051,3,4,3,Female employees,Sales,No
55,1,18,4,16835,4,2,4,Senior employees,Sales,No
41,0,10,2,6230,3,4,0,Men who like their jobs,Sales,No
35,0,1,2,4717,3,3,0,Men who like their jobs,Sales,No
40,1,6,4,13237,3,3,4,Senior employees,Research & Development,No
39,1,8,1,3755,3,3,3,Female employees,Research & Development,No
31,0,2,2,6582,3,4,0,Men who like their jobs,Sales,No
42,0,24,3,7406,4,1,1,High performers,Research & Development,No
45,0,2,2,4805,3,2,5,Men who dislike their jobs,Sales,No
26,1,17,1,2741,3,3,3,Female employees,Human Resources,Yes
29,0,19,2,4262,3,4,2,Long commuters,Research & Development,No
33,1,1,4,16184,3,3,4,Senior employees,Research & Development,No
31,0,7,3,11557,4,4,1,High performers,Sales,No
18,0,5,1,1878,3,2,5,Men who dislike their jobs,Sales,Yes
40,0,28,3,10932,3,1,2,Long commuters,Sales,No
41,1,2,2,6811,3,3,3,Female employees,Research & Development,No
26,0,29,2,4306,3,3,2,Long commuters,Sales,No
35,1,1,2,4859,3,3,3,Female employees,Sales,No
34,0,21,2,5337,3,4,2,Long commuters,Sales,No
26,0,24,1,2340,3,4,2,Long commuters,Research & Development,Yes
37,1,1,3,7491,3,4,3,Female employees,Research & Development,No
46,1,18,3,10527,3,3,4,Senior employees,Research & Development,No
41,1,2,4,16595,3,1,4,Senior employees,Sales,No
37,0,9,3,8834,3,2,5,Men who dislike their jobs,Sales,No
52,0,6,2,5577,3,1,5,Men who dislike their jobs,Research & Development,No
32,0,11,2,4707,3,3,0,Men who like their jobs,Sales,Yes
24,0,24,1,2400,3,4,2,Long commuters,Sales,No
38,1,10,2,9824,3,3,3,Female employees,Research & Development,No
37,1,1,2,6447,3,2,3,Female employees,Research & Development,No
49,0,18,5,19502,3,3,4,Senior employees,Research & Development,No
24,0,23,1,2725,3,4,2,Long commuters,Research & Development,No
26,0,28,2,6272,4,2,1,High performers,Sales,No
24,0,17,1,2127,4,2,1,High performers,Research & Development,No
50,0,3,5,18200,3,2,4,Senior employees,Human Resources,No
25,0,13,1,2096,3,3,0,Men who like their jobs,Sales,No
24,1,7,1,2886,3,3,3,Female employees,Research & Development,Yes
30,0,12,1,2033,3,1,5,Men who dislike their jobs,Sales,Yes
34,0,1,1,3622,3,4,0,Men who like their jobs,Research & Development,No
31,0,13,2,4233,3,1,5,Men who dislike their jobs,Sales,Yes
35,0,25,2,3681,3,4,2,Long commuters,Research & Development,No
31,0,6,2,5460,4,4,1,High performers,Sales,No
27,1,6,1,2187,3,3,3,Female employees,Research & Development,No
37,0,2,2,9602,3,3,0,Men who like their jobs,Sales,No
20,1,1,1,2836,3,2,3,Female employees,Research & Development,No
42,1,2,2,4089,3,4,3,Female employees,Research & Development,No
43,0,6,4,16627,3,4,4,Senior employees,Research & Development,No
38,1,1,1,2619,3,1,3,Female employees,Research & Development,No
43,0,9,2,5679,3,3,0,Men who like their jobs,Research & Development,No
48,1,1,4,15402,3,1,4,Senior employees,Research & Development,No
44,1,1,2,5985,3,3,3,Female employees,Human Resources,No
34,1,14,1,2579,3,3,3,Female employees,Sales,No
27,0,2,1,3041,3,1,5,Men who dislike their jobs,Sales,Yes
21,0,22,1,3447,3,3,2,Long commuters,Sales,No
44,0,3,5,19513,3,4,4,Senior employees,Research & Development,No
22,0,6,1,2773,4,3,1,High performers,Research & Development,No
33,0,8,2,7104,3,3,0,Men who like their jobs,Sales,No
32,1,9,2,6322,3,4,3,Female employees,Research & Development,No
30,1,3,1,2083,4,3,1,High performers,Research & Development,No
53,1,1,2,8381,4,1,1,High performers,Sales,No
34,0,1,1,2691,3,4,0,Men who like their jobs,Research & Development,No
45,1,26,2,4286,3,1,2,Long commuters,Sales,Yes
26,1,6,1,2659,3,4,3,Female employees,Research & Development,No
37,0,3,3,9434,3,3,0,Men who like their jobs,Research & Development,No
29,1,3,2,5561,3,3,3,Female employees,Sales,No
35,0,6,2,6646,3,4,0,Men who like their jobs,Research & Development,No
33,0,6,2,7725,4,4,1,High performers,Research & Development,No
54,0,19,3,10725,3,2,4,Senior employees,Human Resources,No
36,0,9,2,8847,3,2,5,Men who dislike their jobs,Research & Development,No
27,0,3,1,2045,3,4,0,Men who like their jobs,Research & Development,No
20,0,10,1,1009,3,3,0,Men who like their jobs,Research & Development,Yes
33,0,3,1,3348,3,1,5,Men who dislike their jobs,Research & Development,Yes
35,0,3,1,1281,3,3,0,Men who like their jobs,Research & Development,No
23,0,4,1,2819,3,1,5,Men who dislike their jobs,Research & Development,No
25,0,8,2,4851,4,2,1,High performers,Sales,No
38,1,7,2,4028,4,4,1,High performers,Sales,No
29,0,1,1,2720,3,4,0,Men who like their jobs,Research & Development,No
48,0,2,2,8120,3,2,5,Men who dislike their jobs,Sales,No
27,1,3,2,4647,4,4,1,High performers,Sales,No
37,0,10,1,4680,3,4,0,Men who like their jobs,Research & Development,No
50,0,28,1,3221,3,3,2,Long commuters,Research & Development,No
34,1,9,3,8621,3,2,3,Female employees,Research & Development,No
24,1,3,2,4577,3,3,3,Female employees,Sales,Yes
39,1,2,2,4553,3,3,3,Female employees,Research & Development,No
32,0,10,2,5396,3,4,0,Men who like their jobs,Sales,No
50,0,8,2,6796,3,3,0,Men who like their jobs,Sales,Yes
38,1,1,2,7625,3,4,3,Female employees,Research & Development,No
27,1,1,3,7412,3,1,3,Female employees,Research & Development,No
32,1,3,3,11159,3,4,3,Female employees,Research & Development,No
47,0,14,2,4960,3,1,5,Men who dislike their jobs,Sales,No
40,0,5,3,10475,4,1,1,High performers,Sales,No
53,0,7,4,14814,3,3,4,Senior employees,Research & Development,No
41,0,10,5,19141,3,4,4,Senior employees,Human Resources,No
60,0,16,2,5405,3,1,5,Men who dislike their jobs,Sales,No
27,0,10,3,8793,4,1,1,High performers,Research & Development,No
41,0,1,5,19189,3,3,4,Senior employees,Human Resources,No
50,0,8,1,3875,3,2,5,Men who dislike their jobs,Sales,No
28,1,1,1,2216,3,2,3,Female employees,Research & Development,Yes
36,1,8,3,11713,3,1,3,Female employees,Research & Development,No
38,1,1,3,7861,3,3,3,Female employees,Research & Development,No
44,0,24,1,3708,3,3,2,Long commuters,Research & Development,No
47,1,3,4,13770,3,3,4,Senior employees,Sales,No
30,0,27,2,5304,4,4,1,High performers,Sales,No
29,0,10,1,2642,3,3,0,Men who like their jobs,Sales,No
42,0,19,1,2759,3,3,2,Long commuters,Research & Development,Yes
43,0,15,2,6804,3,4,0,Men who like their jobs,Sales,No
34,1,8,2,6142,3,3,3,Female employees,Research & Development,No
23,0,9,1,2500,3,1,5,Men who dislike their jobs,Research & Development,No
39,1,3,2,6389,3,2,3,Female employees,Human Resources,No
56,0,9,4,11103,3,4,4,Senior employees,Research & Development,No
40,1,2,1,2342,4,4,1,High performers,Research & Development,No
27,1,7,2,6811,3,1,3,Female employees,Research & Development,No
29,0,10,1,2297,3,2,5,Men who dislike their jobs,Sales,No
53,0,6,2,2450,3,4,0,Men who like their jobs,Research & Development,No
35,1,2,2,5093,3,1,3,Female employees,Research & Development,No
32,0,24,2,5309,3,4,2,Long commuters,Research & Development,No
38,0,2,1,3057,3,3,0,Men who like their jobs,Research & Development,No
34,1,8,2,5121,3,1,3,Female employees,Research & Development,No
52,0,3,4,16856,3,1,4,Senior employees,Sales,No
33,0,1,1,2686,3,4,0,Men who like their jobs,Research & Development,Yes
25,1,26,2,6180,4,4,1,High performers,Sales,No
45,0,2,2,6632,3,3,0,Men who like their jobs,Sales,No
23,0,10,1,3505,3,3,0,Men who like their jobs,Research & Development,No
47,1,27,2,6397,3,3,2,Long commuters,Sales,Yes
34,0,2,2,6274,4,4,1,High performers,Sales,No
55,0,2,5,19859,3,1,4,Senior employees,Research & Development,Yes
36,0,8,3,7587,3,1,5,Men who dislike their jobs,Sales,No
52,0,19,1,4258,3,4,2,Long commuters,Research & Development,No
26,1,1,1,4364,3,4,3,Female employees,Research & Development,No
29,1,27,2,4335,3,3,2,Long commuters,Research & Development,No
26,0,8,2,5326,3,1,5,Men who dislike their jobs,Sales,Yes
34,1,1,1,3280,3,4,3,Female employees,Research & Development,No
54,1,19,2,5485,3,1,2,Long commuters,Research & Development,No
27,0,8,2,4342,3,4,0,Men who like their jobs,Sales,No
37,1,10,1,2782,3,1,3,Female employees,Research & Development,No
38,1,2,2,5980,3,1,3,Female employees,Research & Development,No
34,1,2,1,4381,3,1,3,Female employees,Research & Development,No
35,1,8,1,2572,3,4,3,Female employees,Sales,No
30,0,1,1,3833,4,3,1,High performers,Research & Development,No
40,1,2,2,4244,4,2,1,High performers,Research & Development,No
34,1,8,2,6500,3,1,3,Female employees,Sales,No
42,0,8,5,18430,3,4,4,Senior employees,Research & Development,No
23,0,6,1,1601,4,1,1,High performers,Research & Development,Yes
24,0,9,1,2694,3,2,5,Men who dislike their jobs,Research & Development,No
52,1,11,2,3149,4,3,1,High performers,Research & Development,No
50,0,2,4,17639,3,3,4,Senior employees,Research & Development,No
29,1,1,1,2319,3,1,3,Female employees,Research & Development,Yes
33,0,7,3,11691,3,3,0,Men who like their jobs,Research & Development,No
33,1,16,2,5324,3,1,3,Female employees,Sales,Yes
47,1,2,4,16752,3,4,4,Senior employees,Research & Development,No
36,1,1,2,5228,3,2,3,Female employees,Research & Development,No
29,0,23,1,2700,4,3,1,High performers,Research & Development,No
58,0,2,5,19246,3,2,4,Senior employees,Research & Development,Yes
35,1,1,1,2506,3,3,3,Female employees,Research & Development,No
42,1,1,2,6062,3,4,3,Female employees,Research & Development,No
28,0,2,1,4382,3,3,0,Men who like their jobs,Research & Development,Yes
36,0,13,1,2143,3,2,5,Men who dislike their jobs,Human Resources,No
32,1,4,2,6162,3,3,3,Female employees,Research & Development,No
40,0,16,2,5094,3,3,2,Long commuters,Research & Development,No
30,1,2,2,6877,4,4,1,High performers,Research & Development,No
45,1,2,1,2274,3,3,3,Female employees,Research & Development,No
42,0,29,2,4434,3,2,2,Long commuters,Research & Development,No
38,0,12,2,6288,3,1,5,Men who dislike their jobs,Research & Development,No
34,1,16,1,2553,3,4,3,Female employees,Research & Development,No
49,1,11,3,7654,3,4,3,Female employees,Sales,Yes
55,0,2,2,5160,3,4,0,Men who like their jobs,Sales,Yes
43,0,14,4,17159,4,1,4,Senior employees,Research & Development,No
27,0,5,3,12808,3,4,0,Men who like their jobs,Research & Development,No
35,0,7,3,10221,4,3,1,High performers,Research & Development,No
28,1,2,2,4779,4,2,1,High performers,Sales,No
34,0,3,1,3737,3,4,0,Men who like their jobs,Human Resources,No
26,1,5,1,2366,3,3,3,Female employees,Research & Development,Yes
27,0,3,1,1706,3,4,0,Men who like their jobs,Research & Development,No
51,1,26,4,16307,3,3,4,Senior employees,Sales,No
44,0,4,2,5933,3,2,5,Men who dislike their jobs,Research & Development,No
25,0,2,1,3424,3,1,5,Men who dislike their jobs,Research & Development,No
33,0,1,2,4037,4,1,1,High performers,Sales,No
35,1,27,1,2559,3,1,2,Long commuters,Research & Development,No
36,0,1,2,6201,3,4,0,Men who like their jobs,Sales,No
32,0,13,2,4403,3,4,0,Men who like their jobs,Sales,No
30,0,5,1,3761,3,4,0,Men who like their jobs,Research & Development,No
53,1,7,3,10934,3,4,4,Senior employees,Sales,No
45,0,9,3,10761,3,1,5,Men who dislike their jobs,Sales,No
32,1,8,2,5175,3,3,3,Female employees,Research & Development,No
52,1,25,4,13826,4,4,4,Senior employees,Research & Development,No
37,0,16,2,6334,3,3,2,Long commuters,Sales,No
28,0,8,1,4936,3,4,0,Men who like their jobs,Human Resources,No
22,0,1,2,4775,4,4,1,High performers,Research & Development,No
44,0,8,1,2818,4,4,1,High performers,Research & Development,No
42,0,2,1,2515,3,4,0,Men who like their jobs,Research & Development,No
36,0,8,1,2342,4,1,1,High performers,Human Resources,No
25,0,3,2,4194,3,1,5,Men who dislike their jobs,Sales,No
35,1,9,3,10685,4,3,1,High performers,Research & Development,No
35,1,25,1,2022,3,2,2,Long commuters,Research & Development,Yes
32,0,1,1,2314,3,4,0,Men who like their jobs,Research & Development,No
25,0,4,2,4256,3,1,5,Men who dislike their jobs,Sales,No
49,1,1,1,3580,3,1,3,Female employees,Research & Development,No
24,0,4,1,3162,3,4,0,Men who like their jobs,Research & Development,No
32,0,5,2,6524,3,2,5,Men who dislike their jobs,Sales,No
38,0,9,1,2899,3,2,5,Men who dislike their jobs,Sales,No
42,1,3,2,5231,3,4,3,Female employees,Research & Development,No
31,0,11,1,2356,3,4,0,Men who like their jobs,Research & Development,No
29,1,1,1,2800,3,3,3,Female employees,Sales,Yes
53,0,8,4,11836,3,4,4,Senior employees,Sales,No
35,0,25,3,10903,3,2,2,Long commuters,Research & Development,No
37,1,21,1,2973,3,4,2,Long commuters,Sales,No
53,1,23,4,14275,3,4,4,Senior employees,Research & Development,No
43,1,1,2,5562,3,4,3,Female employees,Research & Development,No
47,1,2,2,4537,4,4,1,High performers,Sales,No
37,0,19,3,7642,3,2,2,Long commuters,Sales,No
50,0,2,4,17924,3,1,4,Senior employees,Research & Development,No
39,1,2,2,5204,3,4,3,Female employees,Human Resources,No
33,0,3,1,2277,3,2,5,Men who dislike their jobs,Human Resources,No
32,0,25,1,2795,4,4,1,High performers,Research & Development,Yes
29,1,7,1,2532,3,4,3,Female employees,Research & Development,No
44,0,9,1,2559,3,1,5,Men who dislike their jobs,Research & Development,No
28,0,5,2,4908,3,4,0,Men who like their jobs,Sales,No
58,0,2,1,2380,3,4,0,Men who like their jobs,Research & Development,Yes
43,1,8,2,4765,4,2,1,High performers,Research & Development,No
20,1,2,1,2044,3,3,3,Female employees,Sales,Yes
21,1,18,1,2693,3,4,3,Female employees,Research & Development,Yes
36,0,14,2,6586,3,4,0,Men who like their jobs,Research & Development,No
47,1,2,1,3294,3,4,3,Female employees,Sales,No
22,1,3,2,4171,3,3,3,Female employees,Research & Development,Yes
41,1,2,1,2778,3,4,3,Female employees,Research & Development,Yes
28,1,9,1,2377,3,3,3,Female employees,Research & Development,No
39,0,6,1,2404,4,1,1,High performers,Research & Development,Yes
27,1,4,1,2318,3,3,3,Female employees,Research & Development,No
34,0,10,1,2008,3,2,5,Men who dislike their jobs,Research & Development,No
42,1,14,2,6244,3,3,3,Female employees,Sales,No
33,0,1,1,2799,3,1,5,Men who dislike their jobs,Research & Development,No
58,1,5,3,10552,3,2,4,Senior employees,Research & Development,No
31,0,7,1,2329,3,3,0,Men who like their jobs,Sales,No
35,1,21,2,4014,4,4,1,High performers,Research & Development,No
49,1,8,3,7403,3,2,3,Female employees,Research & Development,No
48,0,20,1,2259,3,3,2,Long commuters,Research & Development,No
31,1,20,2,6932,3,3,2,Long commuters,Sales,No
36,0,7,1,4678,3,4,0,Men who like their jobs,Research & Development,No
38,1,1,3,13582,3,1,4,Senior employees,Research & Development,No
32,1,1,1,2332,4,2,1,High performers,Research & Development,No
25,0,19,1,2413,3,2,2,Long commuters,Sales,Yes
40,0,10,3,9705,3,2,5,Men who dislike their jobs,Sales,No
26,0,1,2,4294,3,1,5,Men who dislike their jobs,Sales,No
41,0,6,1,4721,3,1,5,Men who dislike their jobs,Research & Development,No
36,0,2,1,2519,4,3,1,High performers,Research & Development,No
19,0,21,1,2121,3,2,2,Long commuters,Sales,Yes
20,0,4,1,2973,3,1,5,Men who dislike their jobs,Research & Development,Yes
31,1,12,2,5855,3,4,3,Female employees,Research & Development,No
40,0,9,1,3617,3,2,5,Men who dislike their jobs,Research & Development,No
32,1,3,2,6725,3,1,3,Female employees,Research & Development,No
36,0,3,3,10325,3,4,0,Men who like their jobs,Sales,Yes
33,1,1,2,6949,3,4,3,Female employees,Research & Development,No
37,0,1,3,10609,3,3,0,Men who like their jobs,Sales,Yes
45,0,4,2,4447,3,2,5,Men who dislike their jobs,Research & Development,No
29,1,20,1,2157,3,4,2,Long commuters,Sales,No
35,1,18,2,4601,3,3,3,Female employees,Sales,No
52,0,1,4,17099,3,4,4,Senior employees,Research & Development,No
58,0,2,1,2479,4,3,1,High performers,Research & Development,Yes
53,0,2,4,14852,3,3,4,Senior employees,Sales,No
30,0,8,3,7264,3,3,0,Men who like their jobs,Sales,No
38,1,10,2,5666,3,4,3,Female employees,Sales,No
35,0,3,3,7823,3,4,0,Men who like their jobs,Sales,No
39,0,2,3,7880,3,3,0,Men who like their jobs,Sales,No
40,1,24,4,13194,3,2,4,Senior employees,Sales,Yes
47,0,16,2,5067,3,3,2,Long commuters,Research & Development,No
36,0,8,2,5079,3,4,0,Men who like their jobs,Sales,No
31,0,9,1,2321,4,1,1,High performers,Research & Development,Yes
33,0,17,4,17444,3,3,4,Senior employees,Sales,No
29,1,10,1,2404,4,1,1,High performers,Research & Development,Yes
33,1,13,1,3452,3,4,3,Female employees,Research & Development,No
45,1,1,1,2270,3,4,3,Female employees,Research & Development,No
50,0,1,4,17399,4,4,4,Senior employees,Research & Development,No
33,1,1,2,5488,3,2,3,Female employees,Research & Development,No
41,0,9,5,19419,3,3,4,Senior employees,Research & Development,No
27,1,16,1,2811,3,2,3,Female employees,Research & Development,No
45,0,23,2,3633,3,1,2,Long commuters,Research & Development,No
47,1,4,2,4163,3,4,3,Female employees,Sales,No
30,1,22,1,2132,3,3,2,Long commuters,Research & Development,Yes
50,0,24,4,13973,3,3,4,Senior employees,Research & Development,No
38,0,10,1,2684,3,3,0,Men who like their jobs,Research & Development,No
46,0,7,3,10845,3,3,4,Senior employees,Research & Development,No
24,1,17,2,4377,3,3,3,Female employees,Research & Development,No
35,0,14,1,3743,4,2,1,High performers,Research & Development,Yes
31,1,1,2,4148,3,1,3,Female employees,Research & Development,No
18,0,5,1,1051,3,4,0,Men who like their jobs,Research & Development,No
54,1,17,3,10739,3,3,4,Senior employees,Research & Development,No
35,1,25,3,10388,3,3,2,Long commuters,Research & Development,No
30,1,8,3,11416,3,1,3,Female employees,Research & Development,No
20,1,11,1,2600,3,1,3,Female employees,Research & Development,Yes
30,1,5,1,2422,3,2,3,Female employees,Research & Development,Yes
26,0,2,2,5472,3,4,0,Men who like their jobs,Research & Development,No
22,0,8,1,2451,3,1,5,Men who dislike their jobs,Research & Development,No
48,0,6,2,4240,3,3,0,Men who like their jobs,Research & Development,No
48,0,4,3,10999,3,3,4,Senior employees,Research & Development,No
41,1,7,2,5003,3,3,3,Female employees,Research & Development,No
39,1,1,4,12742,3,4,4,Senior employees,Research & Development,No
27,1,2,2,4227,3,4,3,Female employees,Research & Development,No
35,0,10,1,3917,4,4,1,High performers,Research & Development,No
42,0,5,5,18303,3,3,4,Senior employees,Sales,No
50,0,9,1,2380,3,4,0,Men who like their jobs,Research & Development,No
59,1,2,4,13726,3,4,4,Senior employees,Research & Development,No
37,1,11,2,4777,3,2,3,Female employees,Research & Development,Yes
55,0,18,2,6385,3,2,2,Long commuters,Research & Development,No
41,1,7,5,19973,4,3,4,Senior employees,Research & Development,No
38,0,3,2,6861,3,4,0,Men who like their jobs,Sales,No
26,0,29,2,4969,3,1,2,Long commuters,Sales,Yes
52,1,2,5,19845,3,4,4,Senior employees,Sales,Yes
44,1,28,4,13320,3,4,4,Senior employees,Sales,No
50,1,1,2,6347,3,3,3,Female employees,Sales,No
36,1,16,1,2743,3,1,3,Female employees,Research & Development,Yes
39,1,22,3,10880,3,1,2,Long commuters,Research & Development,No
33,1,8,1,2342,3,4,3,Female employees,Sales,No
45,1,11,4,17650,3,4,4,Senior employees,Sales,No
32,1,29,1,4025,3,3,2,Long commuters,Research & Development,No
34,0,1,2,9725,3,4,0,Men who like their jobs,Sales,No
59,0,1,3,11904,3,4,4,Senior employees,Sales,No
45,0,24,1,2177,3,2,2,Long commuters,Human Resources,No
53,1,2,3,7525,3,2,3,Female employees,Sales,No
36,0,15,2,4834,3,3,2,Long commuters,Research & Development,Yes
26,0,2,1,2042,3,1,5,Men who dislike their jobs,Research & Development,Yes
34,1,10,1,2220,3,3,3,Female employees,Sales,No
28,0,10,1,1052,4,2,1,High performers,Sales,No
38,0,3,1,2821,3,3,0,Men who like their jobs,Research & Development,No
50,0,2,5,19237,3,3,4,Senior employees,Research & Development,No
37,1,3,2,4107,3,2,3,Female employees,Research & Development,No
40,0,26,2,8396,3,1,2,Long commuters,Sales,No
26,1,1,1,2007,3,3,3,Female employees,Research & Development,No
46,0,1,5,19627,3,4,4,Senior employees,Research & Development,No
54,1,2,3,10686,3,3,4,Senior employees,Sales,No
56,1,9,1,2942,3,3,3,Female employees,Research & Development,No
36,1,12,3,8858,3,4,3,Female employees,Research & Development,No
55,0,2,4,16756,3,1,4,Senior employees,Research & Development,No
43,0,25,3,10798,3,4,2,Long commuters,Sales,No
20,1,9,1,2323,3,4,3,Female employees,Sales,Yes
21,1,10,1,1416,3,1,3,Female employees,Research & Development,Yes
46,1,8,2,4615,4,1,1,High performers,Research & Development,No
51,0,4,1,2461,3,3,0,Men who like their jobs,Research & Development,Yes
28,0,24,3,8722,3,1,2,Long commuters,Research & Development,Yes
26,0,1,1,3955,3,1,5,Men who dislike their jobs,Research & Development,No
30,0,20,2,9957,3,1,5,Men who dislike their jobs,Research & Development,No
41,1,7,1,3376,3,3,3,Female employees,Research & Development,No
38,1,17,3,8823,3,3,3,Female employees,Research & Development,No
40,0,20,3,10322,4,4,1,High performers,Research & Development,No
27,0,8,1,4621,3,3,0,Men who like their jobs,Research & Development,No
55,0,2,3,10976,3,2,4,Senior employees,Research & Development,No
28,1,10,2,3660,3,3,3,Female employees,Research & Development,No
44,0,1,3,10482,3,1,5,Men who dislike their jobs,Human Resources,Yes
33,0,5,3,7119,3,4,0,Men who like their jobs,Research & Development,No
35,0,4,3,9582,4,1,1,High performers,Sales,Yes
33,1,29,2,4508,4,3,1,High performers,Research & Development,Yes
28,0,15,1,2207,3,3,0,Men who like their jobs,Research & Development,No
34,0,3,2,7756,3,4,0,Men who like their jobs,Research & Development,No
37,1,10,2,6694,3,4,3,Female employees,Sales,No
25,0,4,1,3691,3,4,0,Men who like their jobs,Research & Development,Yes
26,0,21,1,2377,4,3,1,High performers,Research & Development,Yes
33,0,25,1,2313,4,2,1,High performers,Research & Development,Yes
42,0,2,4,17665,3,1,4,Senior employees,Research & Development,No
28,0,1,1,2596,3,2,5,Men who dislike their jobs,Research & Development,Yes
50,0,1,2,4728,3,3,0,Men who like their jobs,Sales,Yes
33,1,7,2,4302,3,2,3,Female employees,Sales,No
34,0,3,1,2979,3,4,0,Men who like their jobs,Research & Development,No
48,0,1,4,16885,4,4,4,Senior employees,Research & Development,No
45,1,9,2,5593,3,3,3,Female employees,Sales,No
52,0,7,3,10445,3,2,4,Senior employees,Research & Development,No
38,0,10,3,8740,3,3,0,Men who like their jobs,Sales,No
29,1,28,1,2514,4,4,1,High performers,Research & Development,No
28,1,3,3,7655,3,2,3,Female employees,Research & Development,No
46,0,3,4,17465,3,3,4,Senior employees,Sales,No
38,0,2,3,7351,3,2,5,Men who dislike their jobs,Sales,No
43,1,27,3,10820,3,1,2,Long commuters,Research & Development,No
39,0,2,4,12169,3,4,4,Senior employees,Research & Development,Yes
40,0,14,5,19626,3,3,4,Senior employees,Research & Development,No
21,1,1,1,2070,3,2,3,Female employees,Research & Development,No
39,0,9,2,6782,3,2,5,Men who dislike their jobs,Research & Development,No
36,0,18,2,7779,4,4,1,High performers,Research & Development,No
31,0,20,1,2791,3,4,2,Long commuters,Sales,No
28,0,2,1,3201,3,2,5,Men who dislike their jobs,Research & Development,No
35,0,11,2,4968,3,4,0,Men who like their jobs,Sales,No
49,0,8,4,13120,3,2,4,Senior employees,Sales,No
34,0,2,2,4033,3,3,0,Men who like their jobs,Research & Development,No
29,1,10,1,3291,3,2,3,Female employees,Research & Development,No
42,0,29,2,4272,3,4,2,Long commuters,Research & Development,No
29,0,8,2,5056,3,4,0,Men who like their jobs,Research & Development,No
38,0,1,1,2844,3,3,0,Men who like their jobs,Human Resources,No
28,0,6,1,2703,3,3,0,Men who like their jobs,Research & Development,No
18,0,8,1,1904,3,3,0,Men who like their jobs,Research & Development,Yes
33,1,9,2,8224,3,1,3,Female employees,Sales,Yes
41,0,12,1,4766,3,4,0,Men who like their jobs,Research & Development,No
31,0,15,1,2610,3,3,0,Men who like their jobs,Research & Development,Yes
37,1,25,2,5731,3,4,2,Long commuters,Research & Development,No
27,0,6,1,2539,3,3,0,Men who like their jobs,Research & Development,No
34,1,9,2,5714,4,3,1,High performers,Sales,No
35,0,8,1,4323,3,3,0,Men who like their jobs,Human Resources,No
29,1,23,3,7336,3,1,2,Long commuters,Sales,Yes
40,1,9,3,13499,3,3,4,Senior employees,Research & Development,No
42,0,12,4,13758,3,1,4,Senior employees,Sales,Yes
42,0,4,2,5155,3,1,5,Men who dislike their jobs,Sales,No
35,0,1,1,2258,3,3,0,Men who like their jobs,Research & Development,No
24,0,24,1,3597,4,2,1,High performers,Research & Development,No
28,1,12,1,2515,3,4,3,Female employees,Research & Development,Yes
26,0,3,1,4420,4,4,1,High performers,Research & Development,No
30,0,10,2,6578,3,3,0,Men who like their jobs,Sales,No
40,1,26,2,4422,3,4,2,Long commuters,Research & Development,No
35,0,2,3,10274,3,2,5,Men who dislike their jobs,Research & Development,No
34,0,1,2,5343,4,1,1,High performers,Research & Development,No
35,0,4,1,2376,3,4,0,Men who like their jobs,Research & Development,No
43,1,9,2,5346,3,3,3,Female employees,Sales,Yes
32,1,2,1,2827,3,1,3,Female employees,Sales,No
56,1,4,5,19943,3,1,4,Senior employees,Research & Development,No
29,1,6,1,3131,3,4,3,Female employees,Research & Development,No
19,0,9,1,2552,4,1,1,High performers,Research & Development,No
45,1,7,1,4477,3,3,3,Female employees,Research & Development,No
37,1,1,2,6474,3,4,3,Female employees,Research & Development,No
20,0,3,1,3033,3,3,0,Men who like their jobs,Research & Development,No
44,0,10,1,2936,3,3,0,Men who like their jobs,Research & Development,Yes
53,1,7,5,18606,3,3,4,Senior employees,Research & Development,No
29,1,15,1,2168,3,4,3,Female employees,Research & Development,No
22,0,3,1,2853,3,4,0,Men who like their jobs,Research & Development,Yes
46,1,2,4,17048,4,1,4,Senior employees,Sales,No
44,0,17,1,2290,3,3,2,Long commuters,Research & Development,No
33,0,2,1,3600,3,3,0,Men who like their jobs,Human Resources,No
41,0,5,1,2107,3,1,5,Men who dislike their jobs,Research & Development,Yes
30,0,29,2,4115,3,1,2,Long commuters,Sales,No
40,0,2,2,4327,3,2,5,Men who dislike their jobs,Sales,No
50,1,2,4,17856,4,1,4,Senior employees,Research & Development,No
28,0,19,1,3196,3,1,5,Men who dislike their jobs,Research & Development,No
46,0,15,5,19081,3,2,4,Senior employees,Research & Development,No
35,0,17,2,8966,3,1,5,Men who dislike their jobs,Sales,No
24,1,17,1,2210,3,2,3,Female employees,Research & Development,Yes
33,1,25,2,4539,3,3,2,Long commuters,Sales,No
36,0,6,1,2741,3,3,0,Men who like their jobs,Research & Development,No
30,0,7,2,3491,3,3,0,Men who like their jobs,Research & Development,No
44,0,29,2,4541,4,4,1,High performers,Research & Development,No
20,0,21,1,2678,3,4,2,Long commuters,Sales,No
46,0,2,2,7379,3,4,0,Men who like their jobs,Research & Development,No
42,0,2,2,6272,3,1,5,Men who dislike their jobs,Human Resources,No
60,0,7,2,5220,3,4,0,Men who like their jobs,Sales,No
32,1,13,1,2743,4,2,1,High performers,Research & Development,No
32,1,2,2,4998,3,3,3,Female employees,Research & Development,No
36,1,1,3,10252,4,1,1,High performers,Research & Development,No
33,0,9,1,2781,3,4,0,Men who like their jobs,Research & Development,No
40,1,10,2,6852,3,2,3,Female employees,Sales,No
25,0,10,2,4950,3,4,0,Men who like their jobs,Sales,No
30,0,1,1,3579,4,2,1,High performers,Research & Development,No
42,1,26,3,13191,3,1,2,Long commuters,Research & Development,No
35,1,8,3,10377,3,4,3,Female employees,Sales,No
27,0,14,1,2235,3,1,5,Men who dislike their jobs,Research & Development,No
54,1,1,3,10502,3,3,4,Senior employees,Research & Development,No
44,1,2,1,2011,3,4,3,Female employees,Research & Development,No
19,1,10,1,1859,4,2,1,High performers,Research & Development,Yes
29,1,1,1,3760,3,4,3,Female employees,Research & Development,No
54,0,3,4,17779,3,4,4,Senior employees,Research & Development,No
31,0,11,2,6833,3,1,5,Men who dislike their jobs,Research & Development,No
31,1,24,2,6812,3,1,2,Long commuters,Research & Development,No
59,1,3,2,5171,3,4,3,Female employees,Sales,No
43,0,3,5,19740,3,4,4,Senior employees,Research & Development,No
49,0,4,5,18711,3,3,4,Senior employees,Research & Development,No
36,0,3,1,3692,3,2,5,Men who dislike their jobs,Research & Development,No
48,0,2,1,2559,3,2,5,Men who dislike their jobs,Research & Development,No
27,0,4,1,2517,3,3,0,Men who like their jobs,Research & Development,No
29,0,7,2,6623,3,4,0,Men who like their jobs,Research & Development,No
48,0,1,5,18265,3,4,4,Senior employees,Research & Development,No
29,1,1,4,16124,3,4,4,Senior employees,Research & Development,No
34,1,20,1,2585,3,3,2,Long commuters,Research & Development,No
44,0,5,5,18213,3,2,4,Senior employees,Sales,No
33,0,10,3,8380,3,3,0,Men who like their jobs,Sales,No
19,1,25,1,2994,3,4,2,Long commuters,Research & Development,No
23,0,1,1,1223,4,3,1,High performers,Research & Development,No
25,0,24,1,1118,3,4,2,Long commuters,Sales,Yes
26,0,4,1,2875,4,4,1,High performers,Research & Development,No
45,1,2,5,18824,3,2,4,Senior employees,Sales,Yes
55,0,8,4,13577,3,2,4,Senior employees,Research & Development,No
21,1,10,1,2625,4,3,1,High performers,Research & Development,Yes
46,1,4,5,18789,3,2,4,Senior employees,Sales,No
34,1,2,2,4538,3,1,3,Female employees,Sales,No
51,0,9,5,19847,4,2,4,Senior employees,Sales,No
59,0,18,3,10512,3,4,4,Senior employees,Research & Development,No
34,1,19,2,4444,3,2,2,Long commuters,Research & Development,No
28,0,1,1,2154,3,3,0,Men who like their jobs,Research & Development,No
44,0,4,5,19190,3,1,4,Senior employees,Research & Development,No
34,0,11,2,4490,3,2,5,Men who dislike their jobs,Human Resources,No
35,0,6,1,3506,3,3,0,Men who like their jobs,Research & Development,No
42,1,7,2,2372,3,2,3,Female employees,Research & Development,No
43,1,4,3,10231,3,4,3,Female employees,Sales,No
36,1,2,2,5410,3,2,3,Female employees,Research & Development,No
44,1,15,3,7978,3,4,3,Female employees,Research & Development,Yes
28,0,2,1,3867,3,4,0,Men who like their jobs,Research & Development,No
51,1,6,1,2838,3,3,3,Female employees,Research & Development,No
30,1,9,2,4695,3,3,3,Female employees,Research & Development,No
29,1,7,1,3339,3,3,3,Female employees,Research & Development,Yes
28,0,1,1,2080,3,1,5,Men who dislike their jobs,Research & Development,No
25,1,1,1,2096,3,2,3,Female employees,Research & Development,No
32,0,8,2,6209,3,4,0,Men who like their jobs,Sales,No
45,1,25,5,18061,4,2,4,Senior employees,Research & Development,No
39,1,13,4,17123,3,2,4,Senior employees,Research & Development,No
58,0,23,1,2372,3,3,2,Long commuters,Research & Development,No
32,0,7,2,4883,3,3,0,Men who like their jobs,Research & Development,Yes
39,0,23,1,3904,3,1,2,Long commuters,Research & Development,Yes
30,1,6,2,4627,3,4,3,Female employees,Research & Development,No
36,1,10,3,7094,3,3,3,Female employees,Research & Development,No
46,1,1,1,3423,3,1,3,Female employees,Human Resources,No
28,1,1,2,6674,3,4,3,Female employees,Research & Development,No
50,1,28,4,16880,3,1,4,Senior employees,Research & Development,No
40,0,25,3,9094,3,2,2,Long commuters,Sales,Yes
52,0,5,3,8446,3,2,4,Senior employees,Sales,Yes
30,1,17,3,11916,4,1,1,High performers,Research & Development,No
39,0,18,2,4534,3,3,2,Long commuters,Research & Development,No
31,1,2,3,9852,3,3,3,Female employees,Sales,No
41,0,10,2,6151,3,2,5,Men who dislike their jobs,Sales,No
31,1,1,1,2302,3,2,3,Female employees,Sales,Yes
44,0,3,1,2362,3,1,5,Men who dislike their jobs,Research & Development,Yes
42,0,2,4,17861,3,3,4,Senior employees,Research & Development,No
55,1,2,5,19187,3,3,4,Senior employees,Research & Development,No
56,0,8,5,19717,3,2,4,Senior employees,Human Resources,No
40,0,16,1,3544,3,3,2,Long commuters,Research & Development,No
34,0,9,3,8500,3,4,0,Men who like their jobs,Research & Development,No
40,0,2,2,4661,3,4,0,Men who like their jobs,Research & Development,No
41,1,1,2,4103,3,1,3,Female employees,Sales,No
35,0,4,2,4249,3,3,0,Men who like their jobs,Research & Development,No
51,0,5,4,14026,3,2,4,Senior employees,Human Resources,No
38,1,2,2,6893,3,1,3,Female employees,Sales,No
34,1,15,2,6125,3,1,3,Female employees,Sales,No
25,0,19,1,3669,3,4,2,Long commuters,Research & Development,No
58,1,7,3,10008,3,1,4,Senior employees,Research & Development,Yes
40,0,1,1,2387,4,2,1,High performers,Research & Development,No
36,1,7,2,4639,3,1,3,Female employees,Sales,No
48,0,4,3,7898,3,4,0,Men who like their jobs,Research & Development,No
27,1,11,1,2534,3,4,3,Female employees,Sales,No
51,1,11,4,13142,3,2,4,Senior employees,Research & Development,No
18,1,1,1,1611,3,4,3,Female employees,Research & Development,No
35,1,1,2,5363,3,4,3,Female employees,Research & Development,No
27,0,2,2,5071,4,4,1,High performers,Sales,No
55,0,13,4,13695,3,3,4,Senior employees,Sales,Yes
56,0,23,4,13402,3,2,4,Senior employees,Research & Development,No
34,1,26,1,2029,4,3,1,High performers,Research & Development,No
40,1,2,2,6377,4,3,1,High performers,Research & Development,No
34,0,29,2,5429,3,3,2,Long commuters,Research & Development,No
31,1,2,1,2785,3,4,3,Female employees,Sales,Yes
35,1,18,2,4614,3,3,3,Female employees,Sales,Yes
38,0,7,1,2610,3,3,0,Men who like their jobs,Research & Development,No
34,1,2,2,6687,3,4,3,Female employees,Research & Development,No
28,0,26,2,4724,3,1,2,Long commuters,Sales,No
31,0,22,2,6179,3,3,2,Long commuters,Research & Development,Yes
39,0,21,2,6120,3,4,2,Long commuters,Sales,No
51,0,2,3,10596,3,2,4,Senior employees,Sales,No
41,1,22,2,5467,3,4,2,Long commuters,Research & Development,No
37,0,4,1,2996,3,3,0,Men who like their jobs,Research & Development,No
33,0,5,2,9998,3,4,0,Men who like their jobs,Sales,No
32,0,2,2,4078,3,2,5,Men who dislike their jobs,Sales,No
39,0,25,3,10920,4,3,1,High performers,Research & Development,No
25,0,18,2,6232,3,3,2,Long commuters,Sales,No
52,1,28,4,13247,3,3,4,Senior employees,Research & Development,No
43,1,6,2,4081,3,3,3,Female employees,Research & Development,No
27,1,10,2,5769,3,4,3,Female employees,Sales,No
27,1,17,1,2394,3,3,3,Female employees,Research & Development,Yes
26,0,2,1,3904,3,4,0,Men who like their jobs,Research & Development,No
42,1,10,4,16799,3,1,4,Senior employees,Human Resources,No
52,1,8,1,2950,3,1,3,Female employees,Research & Development,No
37,1,11,1,3629,3,3,3,Female employees,Research & Development,No
35,0,18,3,9362,3,4,2,Long commuters,Research & Development,No
25,0,1,1,3229,3,4,0,Men who like their jobs,Research & Development,No
26,0,7,1,3578,3,1,5,Men who dislike their jobs,Research & Development,No
29,0,17,3,7988,3,1,5,Men who dislike their jobs,Human Resources,No
49,0,28,2,4284,4,1,1,High performers,Research & Development,Yes
29,1,14,3,7553,3,4,3,Female employees,Research & Development,Yes
54,1,1,4,17328,3,4,4,Senior employees,Research & Development,No
58,1,1,5,19701,4,1,4,Senior employees,Research & Development,No
55,0,1,4,14732,3,4,4,Senior employees,Research & Development,No
36,1,3,2,9278,3,2,3,Female employees,Sales,No
31,1,1,1,1359,3,3,3,Female employees,Sales,Yes
30,1,7,2,4779,3,1,3,Female employees,Sales,No
31,1,8,4,16422,3,2,4,Senior employees,Research & Development,No
34,0,1,1,2996,3,1,5,Men who dislike their jobs,Research & Development,No
31,1,8,1,1261,3,2,3,Female employees,Research & Development,Yes
27,0,11,1,2099,3,1,5,Men who dislike their jobs,Research & Development,No
36,0,4,2,5810,3,4,0,Men who like their jobs,Research & Development,No
36,1,16,2,5647,3,1,3,Female employees,Sales,No
47,0,1,1,3420,3,4,0,Men who like their jobs,Research & Development,No
25,0,9,1,4400,3,1,5,Men who dislike their jobs,Sales,Yes
37,0,5,1,3500,3,3,0,Men who like their jobs,Research & Development,No
56,1,1,1,2066,4,1,1,High performers,Research & Development,No
47,1,2,4,17169,3,3,4,Senior employees,Research & Development,No
24,1,4,2,4162,3,3,3,Female employees,Sales,No
32,0,7,2,9204,3,4,0,Men who like their jobs,Sales,No
34,1,1,1,3294,3,2,3,Female employees,Research & Development,No
41,0,5,1,2127,3,3,0,Men who like their jobs,Research & Development,No
40,0,9,2,3975,3,3,0,Men who like their jobs,Research & Development,No
31,0,8,3,10793,3,4,0,Men who like their jobs,Sales,No
46,0,9,3,10096,3,4,0,Men who like their jobs,Sales,Yes
39,1,2,1,3646,4,1,1,High performers,Research & Development,Yes
31,1,1,3,7446,3,2,3,Female employees,Research & Development,Yes
45,0,20,3,10851,3,1,2,Long commuters,Research & Development,No
31,1,8,1,2109,3,2,3,Female employees,Human Resources,No
31,0,2,1,3722,3,4,0,Men who like their jobs,Research & Development,Yes
45,0,29,3,9380,3,4,2,Long commuters,Research & Development,No
48,0,7,2,5486,3,1,5,Men who dislike their jobs,Sales,No
34,1,9,1,2742,3,3,3,Female employees,Human Resources,Yes
40,0,8,3,13757,3,2,4,Senior employees,Research & Development,No
28,0,5,2,8463,3,1,5,Men who dislike their jobs,Sales,No
44,0,5,1,3162,3,3,0,Men who like their jobs,Research & Development,No
53,0,2,4,16598,3,2,4,Senior employees,Research & Development,No
49,0,5,2,6651,3,3,0,Men who like their jobs,Research & Development,No
40,0,2,1,2345,3,3,0,Men who like their jobs,Research & Development,No
44,0,20,1,3420,3,2,2,Long commuters,Research & Development,No
33,0,7,2,4373,3,1,5,Men who dislike their jobs,Sales,No
34,0,3,2,4759,3,1,5,Men who dislike their jobs,Sales,No
30,0,16,2,5301,3,3,2,Long commuters,Sales,No
42,1,9,1,3673,3,4,3,Female employees,Research & Development,No
44,1,1,2,4768,3,3,3,Female employees,Sales,No
30,0,7,1,1274,3,3,0,Men who like their jobs,Research & Development,No
57,0,1,2,4900,4,3,1,High performers,Research & Development,No
49,0,7,3,10466,3,2,4,Senior employees,Research & Development,No
34,0,15,4,17007,3,1,4,Senior employees,Research & Development,No
28,0,1,1,2909,3,3,0,Men who like their jobs,Sales,Yes
29,1,13,2,5765,3,2,3,Female employees,Sales,Yes
34,1,24,2,4599,4,2,1,High performers,Sales,Yes
35,0,7,1,2404,3,3,0,Men who like their jobs,Sales,No
24,0,9,1,3172,3,1,5,Men who dislike their jobs,Research & Development,Yes
24,1,13,1,2033,3,2,3,Female employees,Sales,No
44,0,2,3,10209,3,3,4,Senior employees,Research & Development,No
29,0,19,2,8620,3,3,2,Long commuters,Sales,No
30,0,1,1,2064,4,3,1,High performers,Human Resources,No
55,0,4,2,4035,3,3,0,Men who like their jobs,Research & Development,No
33,1,4,1,3838,3,2,3,Female employees,Research & Development,No
47,1,14,2,4591,3,3,3,Female employees,Sales,No
28,0,2,1,2561,3,1,5,Men who dislike their jobs,Research & Development,Yes
28,0,1,1,1563,3,3,0,Men who like their jobs,Research & Development,No
28,0,7,2,4898,3,1,5,Men who dislike their jobs,Sales,No
49,1,3,2,4789,4,1,1,High performers,Research & Development,No
29,1,2,1,3180,3,2,3,Female employees,Research & Development,No
28,0,29,2,6549,3,2,2,Long commuters,Research & Development,No
33,0,8,2,6388,3,3,0,Men who like their jobs,Research & Development,No
32,0,10,3,11244,4,4,1,High performers,Research & Development,No
54,1,11,4,16032,4,4,4,Senior employees,Research & Development,No
29,0,1,1,2362,3,1,5,Men who dislike their jobs,Research & Development,Yes
44,0,28,4,16328,3,1,4,Senior employees,Research & Development,No
39,1,6,3,8376,3,2,3,Female employees,Research & Development,No
46,1,3,4,16606,3,2,4,Senior employees,Sales,No
35,1,16,3,8606,3,2,3,Female employees,Research & Development,No
23,0,20,2,2272,3,3,2,Long commuters,Research & Development,No
40,0,9,1,2018,3,1,5,Men who dislike their jobs,Research & Development,Yes
34,0,1,3,7083,3,3,0,Men who like their jobs,Sales,No
31,1,3,1,4084,3,3,3,Female employees,Research & Development,Yes
50,0,22,4,14411,3,4,4,Senior employees,Research & Development,No
34,0,7,1,2308,4,3,1,High performers,Sales,No
42,0,2,1,4841,3,2,5,Men who dislike their jobs,Research & Development,No
37,0,13,2,4285,3,4,0,Men who like their jobs,Research & Development,No
29,1,8,2,9715,3,1,3,Female employees,Research & Development,No
33,0,25,2,4320,3,2,2,Long commuters,Research & Development,No
45,0,28,1,2132,4,4,1,High performers,Research & Development,No
42,0,2,3,10124,3,4,0,Men who like their jobs,Research & Development,No
40,0,9,2,5473,3,1,5,Men who dislike their jobs,Sales,No
33,0,28,2,5207,3,3,2,Long commuters,Research & Development,No
40,0,6,4,16437,4,4,4,Senior employees,Human Resources,No
24,0,21,1,2296,3,1,5,Men who dislike their jobs,Research & Development,No
40,0,8,2,4069,3,4,0,Men who like their jobs,Research & Development,No
45,0,1,3,7441,3,2,5,Men who dislike their jobs,Research & Development,No
35,1,28,1,2430,4,3,1,High performers,Sales,No
32,1,5,2,5878,3,2,3,Female employees,Research & Development,No
36,0,2,1,2644,4,4,1,High performers,Sales,No
48,1,16,2,6439,3,3,3,Female employees,Sales,No
29,0,9,1,2451,3,3,0,Men who like their jobs,Research & Development,No
33,0,8,2,6392,3,1,5,Men who dislike their jobs,Sales,No
30,0,1,2,9714,3,1,5,Men who dislike their jobs,Sales,Yes
38,0,10,2,6077,3,3,0,Men who like their jobs,Human Resources,No
35,0,1,1,2450,3,1,5,Men who dislike their jobs,Research & Development,No
30,0,29,3,9250,3,2,2,Long commuters,Sales,No
35,1,2,1,2074,3,1,3,Female employees,Research & Development,Yes
53,1,2,3,10169,3,4,4,Senior employees,Research & Development,Yes
38,0,2,2,4855,3,2,5,Men who dislike their jobs,Research & Development,Yes
32,0,1,2,4087,3,1,5,Men who dislike their jobs,Research & Development,No
48,1,15,1,2367,3,1,3,Female employees,Research & Development,No
34,0,7,1,2972,3,4,0,Men who like their jobs,Research & Development,No
55,0,26,5,19586,4,4,4,Senior employees,Sales,No
34,0,1,2,5484,3,4,0,Men who like their jobs,Research & Development,No
26,1,3,1,2061,4,4,1,High performers,Research & Development,No
38,0,14,2,9924,3,2,5,Men who dislike their jobs,Sales,No
38,1,16,2,4198,3,2,3,Female employees,Sales,No
36,1,1,2,6815,3,3,3,Female employees,Sales,No
29,0,3,1,4723,3,1,5,Men who dislike their jobs,Research & Development,No
35,1,10,2,6142,3,3,3,Female employees,Research & Development,No
39,0,6,3,8237,3,3,0,Men who like their jobs,Sales,No
29,0,2,2,8853,3,4,0,Men who like their jobs,Research & Development,No
50,0,9,5,19331,3,3,4,Senior employees,Sales,No
23,0,10,1,2073,3,3,0,Men who like their jobs,Research & Development,No
36,0,6,2,5562,3,1,5,Men who dislike their jobs,Research & Development,No
42,0,9,5,19613,4,4,4,Senior employees,Research & Development,No
35,0,28,2,3407,3,3,2,Long commuters,Research & Development,No
34,0,10,2,5063,3,3,0,Men who like their jobs,Research & Development,No
40,1,14,2,4639,3,1,3,Female employees,Sales,No
43,0,27,1,4876,3,2,2,Long commuters,Research & Development,No
35,0,7,1,2690,3,4,0,Men who like their jobs,Research & Development,No
46,0,1,4,17567,3,1,4,Senior employees,Sales,No
28,0,24,1,2408,3,2,2,Long commuters,Research & Development,Yes
22,1,26,1,2814,3,3,2,Long commuters,Research & Development,No
50,0,20,4,11245,3,3,4,Senior employees,Research & Development,No
32,1,5,1,3312,3,4,3,Female employees,Research & Development,No
44,1,7,5,19049,3,4,4,Senior employees,Research & Development,No
30,0,7,1,2141,3,2,5,Men who dislike their jobs,Research & Development,No
45,1,5,2,5769,3,1,3,Female employees,Research & Development,No
45,0,26,2,4385,3,1,2,Long commuters,Sales,No
31,0,2,2,5332,3,1,5,Men who dislike their jobs,Sales,No
36,1,12,2,4663,3,3,3,Female employees,Research & Development,No
34,0,10,2,4724,3,4,0,Men who like their jobs,Research & Development,No
49,1,25,1,3211,3,1,2,Long commuters,Research & Development,No
39,0,10,2,5377,3,1,5,Men who dislike their jobs,Research & Development,No
27,0,19,1,4066,3,1,5,Men who dislike their jobs,Research & Development,No
35,0,18,2,5208,3,1,5,Men who dislike their jobs,Research & Development,No
28,1,27,2,4877,4,1,1,High performers,Research & Development,No
21,0,5,1,3117,3,4,0,Men who like their jobs,Research & Development,No
18,1,3,1,1569,3,4,3,Female employees,Sales,Yes
47,1,26,5,19658,3,3,4,Senior employees,Human Resources,No
39,0,3,2,3069,3,3,0,Men who like their jobs,Research & Development,No
40,1,15,3,10435,3,3,3,Female employees,Research & Development,No
35,1,8,2,4148,3,3,3,Female employees,Research & Development,No
37,0,19,2,5768,3,3,2,Long commuters,Research & Development,No
39,1,4,2,5042,3,3,3,Female employees,Research & Development,No
45,1,2,2,5770,3,4,3,Female employees,Research & Development,No
38,1,2,3,7756,3,3,3,Female employees,Research & Development,No
35,0,10,3,10306,3,1,5,Men who dislike their jobs,Sales,Yes
37,1,10,1,3936,3,2,3,Female employees,Research & Development,No
40,1,16,3,7945,3,4,3,Female employees,Research & Development,No
44,0,1,2,5743,3,4,0,Men who like their jobs,Human Resources,No
48,0,4,4,15202,4,4,4,Senior employees,Research & Development,No
35,0,15,2,5440,3,4,0,Men who like their jobs,Sales,Yes
24,1,2,1,3760,3,4,3,Female employees,Research & Development,No
27,1,8,1,3517,3,3,3,Female employees,Research & Development,No
27,0,2,1,2580,3,4,0,Men who like their jobs,Research & Development,No
40,0,7,1,2166,3,1,5,Men who dislike their jobs,Research & Development,Yes
29,0,10,2,5869,3,3,0,Men who like their jobs,Sales,No
36,1,5,3,8008,3,1,3,Female employees,Research & Development,No
25,0,2,2,5206,3,3,0,Men who like their jobs,Research & Development,No
39,0,12,2,5295,4,2,1,High performers,Research & Development,No
49,1,22,4,16413,3,2,4,Senior employees,Research & Development,No
50,1,17,3,13269,3,1,4,Senior employees,Research & Development,No
20,1,2,1,2783,3,3,3,Female employees,Sales,No
34,1,3,2,5433,3,2,3,Female employees,Research & Development,No
36,0,7,1,2013,3,2,5,Men who dislike their jobs,Research & Development,No
49,1,6,4,13966,3,3,4,Senior employees,Research & Development,No
36,1,1,2,4374,3,3,3,Female employees,Research & Development,No
36,0,3,2,6842,4,1,1,High performers,Research & Development,No
54,1,22,4,17426,4,3,4,Senior employees,Research & Development,No
43,0,15,4,17603,4,3,4,Senior employees,Research & Development,No
35,0,12,2,4581,4,4,1,High performers,Sales,Yes
38,0,1,2,4735,3,4,0,Men who like their jobs,Research & Development,No
29,0,5,2,4187,3,2,5,Men who dislike their jobs,Sales,No
33,0,2,2,5505,3,4,0,Men who like their jobs,Sales,No
32,0,2,2,5470,3,2,5,Men who dislike their jobs,Research & Development,No
31,1,5,2,5476,3,4,3,Female employees,Sales,No
49,1,16,1,2587,3,1,3,Female employees,Research & Development,No
38,1,2,1,2440,4,2,1,High performers,Research & Development,No
47,1,2,4,15972,3,2,4,Senior employees,Sales,No
49,0,1,4,15379,3,3,4,Senior employees,Research & Development,No
41,0,23,3,7082,3,3,2,Long commuters,Sales,No
20,0,9,1,2728,3,1,5,Men who dislike their jobs,Sales,No
33,1,16,2,5368,4,4,1,High performers,Sales,No
36,0,26,2,5347,3,3,2,Long commuters,Research & Development,No
44,1,1,1,3195,3,4,3,Female employees,Human Resources,No
23,0,8,1,3989,3,3,0,Men who like their jobs,Research & Development,Yes
38,1,4,1,3306,3,3,3,Female employees,Research & Development,No
53,0,24,3,7005,3,4,2,Long commuters,Research & Development,No
48,1,7,1,2655,3,3,3,Female employees,Sales,Yes
32,0,2,1,1393,3,2,5,Men who dislike their jobs,Research & Development,Yes
26,0,7,1,2570,4,4,1,High performers,Research & Development,No
55,0,22,1,3537,3,2,2,Long commuters,Research & Development,No
34,0,5,2,3986,3,4,0,Men who like their jobs,Research & Development,No
60,0,1,3,10883,4,4,4,Senior employees,Research & Development,No
33,0,21,1,2028,3,2,2,Long commuters,Research & Development,No
37,0,1,2,9525,3,4,0,Men who like their jobs,Sales,No
34,1,19,1,2929,3,4,2,Long commuters,Research & Development,No
23,0,7,1,2275,4,4,1,High performers,Sales,Yes
44,1,2,3,7879,3,4,3,Female employees,Research & Development,No
35,0,2,1,4930,3,4,0,Men who like their jobs,Research & Development,No
43,0,2,2,7847,3,4,0,Men who like their jobs,Sales,No
24,0,9,1,4401,3,3,0,Men who like their jobs,Research & Development,No
41,0,6,3,9241,3,3,0,Men who like their jobs,Sales,No
29,1,9,1,2974,3,3,3,Female employees,Research & Development,No
36,1,2,2,4502,3,4,3,Female employees,Sales,No
45,0,1,3,10748,4,3,1,High performers,Research & Development,No
24,0,22,1,1555,3,3,2,Long commuters,Human Resources,Yes
47,0,9,4,12936,3,3,4,Senior employees,Sales,Yes
26,0,17,1,2305,3,3,2,Long commuters,Research & Development,No
45,1,28,4,16704,3,2,4,Senior employees,Research & Development,No
32,0,10,1,3433,3,3,0,Men who like their jobs,Research & Development,No
31,0,2,1,3477,3,3,0,Men who like their jobs,Research & Development,No
41,0,4,2,6430,3,2,5,Men who dislike their jobs,Human Resources,No
40,1,8,2,6516,3,1,3,Female employees,Research & Development,No
24,0,29,1,3907,3,1,2,Long commuters,Research & Development,No
46,0,13,2,5562,3,2,5,Men who dislike their jobs,Research & Development,No
35,0,27,2,6883,3,3,2,Long commuters,Research & Development,No
30,0,16,1,2862,3,4,0,Men who like their jobs,Research & Development,No
47,0,2,2,4978,3,2,5,Men who dislike their jobs,Sales,No
46,0,2,3,10368,3,4,0,Men who like their jobs,Sales,No
36,0,13,2,6134,3,1,5,Men who dislike their jobs,Sales,Yes
32,0,1,2,6735,3,2,5,Men who dislike their jobs,Sales,Yes
23,1,4,1,3295,3,2,3,Female employees,Research & Development,No
31,1,24,2,5238,4,4,1,High performers,Research & Development,No
39,0,1,2,6472,3,4,0,Men who like their jobs,Research & Development,No
32,0,19,3,9610,3,3,2,Long commuters,Sales,No
40,0,7,5,19833,3,2,4,Senior employees,Sales,No
45,1,4,3,9756,4,3,1,High performers,Human Resources,No
30,1,2,1,4968,3,1,3,Female employees,Research & Development,No
24,0,10,1,2145,3,4,0,Men who like their jobs,Human Resources,No
30,1,8,1,2180,3,4,3,Female employees,Human Resources,Yes
31,0,5,2,8346,3,3,0,Men who like their jobs,Sales,No
27,1,8,1,3445,3,4,3,Female employees,Research & Development,No
29,1,9,1,2760,3,2,3,Female employees,Sales,Yes
29,0,1,2,6294,3,3,0,Men who like their jobs,Research & Development,No
30,0,15,3,7140,3,1,5,Men who dislike their jobs,Sales,No
34,0,2,1,2932,3,4,0,Men who like their jobs,Research & Development,No
33,1,2,2,5147,3,2,3,Female employees,Sales,No
49,1,11,2,4507,3,4,3,Female employees,Sales,No
33,1,16,3,8564,4,1,1,High performers,Sales,Yes
38,1,2,1,2468,3,2,3,Female employees,Research & Development,No
31,0,16,3,8161,3,3,2,Long commuters,Sales,Yes
29,1,4,1,2109,3,1,3,Female employees,Research & Development,No
30,0,16,2,5294,3,3,2,Long commuters,Research & Development,No
32,0,5,1,2718,3,2,5,Men who dislike their jobs,Research & Development,No
38,0,18,2,5811,3,4,2,Long commuters,Research & Development,No
43,0,17,1,2437,3,3,2,Long commuters,Research & Development,Yes
42,0,12,1,2766,4,2,1,High performers,Research & Development,No
55,0,2,5,19038,3,1,4,Senior employees,Research & Development,No
33,0,4,2,3055,3,2,5,Men who dislike their jobs,Research & Development,No
41,0,9,1,2289,4,1,1,High performers,Research & Development,No
34,0,10,2,4001,3,3,0,Men who like their jobs,Sales,No
53,1,1,4,12965,4,3,4,Senior employees,Research & Development,No
43,0,2,1,3539,3,4,0,Men who like their jobs,Human Resources,No
34,1,3,2,6029,3,4,3,Female employees,Sales,No
21,0,7,1,2679,3,2,5,Men who dislike their jobs,Sales,Yes
38,1,6,1,3702,3,3,3,Female employees,Research & Development,No
22,1,8,1,2398,3,1,3,Female employees,Research & Development,Yes
31,1,29,2,5468,3,4,2,Long commuters,Sales,No
51,1,3,3,13116,3,3,4,Senior employees,Research & Development,No
37,0,9,2,4189,3,2,5,Men who dislike their jobs,Sales,No
46,0,2,5,19328,3,4,4,Senior employees,Research & Development,No
36,0,10,3,8321,3,1,5,Men who dislike their jobs,Research & Development,No
44,0,1,1,2342,3,2,5,Men who dislike their jobs,Research & Development,Yes
37,0,8,2,4071,3,2,5,Men who dislike their jobs,Human Resources,No
35,0,27,2,5813,3,4,2,Long commuters,Sales,Yes
33,0,8,1,3143,3,1,5,Men who dislike their jobs,Research & Development,No
28,0,1,1,2044,3,4,0,Men who like their jobs,Research & Development,No
39,0,10,3,13464,4,3,1,High performers,Research & Development,No
46,0,26,2,7991,3,2,2,Long commuters,Sales,No
40,1,2,1,3377,3,1,3,Female employees,Research & Development,No
42,0,13,2,5538,3,1,5,Men who dislike their jobs,Research & Development,No
35,0,2,2,5762,3,4,0,Men who like their jobs,Research & Development,No
38,0,2,1,2592,3,2,5,Men who dislike their jobs,Human Resources,No
34,0,9,2,5346,3,1,5,Men who dislike their jobs,Research & Development,Yes
37,0,10,2,4213,3,1,5,Men who dislike their jobs,Research & Development,Yes
39,0,20,2,4127,3,4,2,Long commuters,Sales,No
43,0,9,1,2438,3,3,0,Men who like their jobs,Research & Development,No
41,0,5,2,6870,3,2,5,Men who dislike their jobs,Research & Development,No
41,1,4,3,10447,3,3,3,Female employees,Sales,No
30,1,10,3,9667,3,3,3,Female employees,Research & Development,No
26,1,20,1,2148,3,2,2,Long commuters,Human Resources,Yes
46,1,21,2,8926,4,2,1,High performers,Research & Development,Yes
40,1,1,2,6513,3,4,3,Female employees,Research & Development,No
34,0,8,2,6799,4,3,1,High performers,Sales,No
58,0,2,4,16291,4,2,4,Senior employees,Sales,No
35,0,23,1,2705,3,3,2,Long commuters,Research & Development,No
47,1,4,3,10333,3,2,4,Senior employees,Research & Development,No
40,1,12,2,4448,3,1,3,Female employees,Research & Development,No
54,1,7,2,6854,3,4,3,Female employees,Research & Development,No
31,1,7,3,9637,3,1,3,Female employees,Sales,No
28,1,1,1,3591,4,1,1,High performers,Research & Development,No
38,1,2,2,5405,4,4,1,High performers,Sales,No
26,0,10,2,4684,3,4,0,Men who like their jobs,Sales,No
58,0,15,4,15787,3,3,4,Senior employees,Research & Development,No
18,1,14,1,1514,3,3,3,Female employees,Research & Development,No
31,0,18,1,2956,3,1,5,Men who dislike their jobs,Human Resources,Yes
29,0,13,1,2335,3,1,5,Men who dislike their jobs,Human Resources,Yes
45,1,2,2,5154,4,3,1,High performers,Sales,No
36,1,2,2,6962,4,2,1,High performers,Research & Development,No
43,0,2,2,5675,4,4,1,High performers,Sales,No
27,1,5,1,2379,3,4,3,Female employees,Research & Development,No
29,0,20,1,3812,3,4,2,Long commuters,Research & Development,No
32,0,10,2,4648,3,4,0,Men who like their jobs,Sales,No
42,0,10,1,2936,4,3,1,High performers,Research & Development,No
47,1,9,1,2105,3,3,3,Female employees,Research & Development,No
46,0,2,3,8578,3,4,0,Men who like their jobs,Research & Development,No
28,0,1,1,2706,3,4,0,Men who like their jobs,Human Resources,No
29,0,29,2,6384,3,3,2,Long commuters,Research & Development,No
42,0,8,1,3968,3,3,0,Men who like their jobs,Research & Development,No
32,0,2,2,9907,3,2,5,Men who dislike their jobs,Sales,Yes
46,1,3,4,13225,3,1,4,Senior employees,Sales,No
27,1,23,2,3540,4,3,1,High performers,Sales,No
29,0,6,1,2804,3,2,5,Men who dislike their jobs,Human Resources,No
43,1,6,5,19392,3,3,4,Senior employees,Research & Development,No
48,0,10,5,19665,3,2,4,Senior employees,Research & Development,No
29,0,24,1,2439,4,4,1,High performers,Research & Development,Yes
46,1,10,3,7314,4,2,1,High performers,Sales,Yes
27,1,15,1,4774,3,1,3,Female employees,Research & Development,No
39,0,19,2,3902,3,4,2,Long commuters,Research & Development,No
55,0,2,1,2662,4,4,1,High performers,Research & Development,No
28,1,3,1,2856,3,2,3,Female employees,Sales,No
30,0,9,1,1081,3,4,0,Men who like their jobs,Sales,Yes
22,0,7,1,2472,4,2,1,High performers,Research & Development,Yes
36,1,10,2,5673,3,3,3,Female employees,Sales,No
31,0,20,2,4197,3,3,2,Long commuters,Research & Development,No
34,0,4,3,9713,3,4,0,Men who like their jobs,Sales,No
29,0,7,1,2062,3,1,5,Men who dislike their jobs,Research & Development,No
37,0,7,2,4284,4,1,1,High performers,Research & Development,No
35,1,16,2,4788,3,2,3,Female employees,Research & Development,No
45,1,25,2,5906,3,4,2,Long commuters,Research & Development,No
36,0,2,2,3886,4,4,1,High performers,Human Resources,No
40,0,1,4,16823,3,1,4,Senior employees,Research & Development,No
26,1,1,1,2933,3,3,3,Female employees,Research & Development,No
27,1,2,2,6500,3,3,3,Female employees,Sales,No
48,1,22,4,17174,3,4,4,Senior employees,Research & Development,No
44,0,1,2,5033,3,1,5,Men who dislike their jobs,Research & Development,No
34,0,16,1,2307,4,1,1,High performers,Research & Development,Yes
56,0,24,1,2587,3,4,2,Long commuters,Research & Development,Yes
36,0,17,2,5507,3,2,2,Long commuters,Sales,No
41,1,8,2,4393,4,2,1,High performers,Sales,No
42,0,6,3,13348,3,1,4,Senior employees,Research & Development,No
31,1,10,2,6583,3,4,3,Female employees,Sales,No
34,1,3,2,8103,3,4,3,Female employees,Sales,No
31,1,4,1,3978,3,3,3,Female employees,Research & Development,No
26,0,6,1,2544,3,4,0,Men who like their jobs,Research & Development,No
45,0,1,2,5399,3,3,0,Men who like their jobs,Research & Development,No
33,0,10,2,5487,3,3,0,Men who like their jobs,Sales,No
28,0,1,2,6834,3,4,0,Men who like their jobs,Sales,No
29,0,24,1,1091,3,1,2,Long commuters,Sales,Yes
39,1,21,2,5736,3,3,2,Long commuters,Sales,No
27,0,2,1,2226,3,2,5,Men who dislike their jobs,Research & Development,No
34,0,22,2,5747,3,4,2,Long commuters,Research & Development,No
28,1,13,2,9854,3,3,3,Female employees,Sales,Yes
47,0,14,2,5467,3,2,5,Men who dislike their jobs,Research & Development,No
56,1,11,2,5380,3,1,3,Female employees,Sales,No
39,0,9,2,5151,4,1,1,High performers,Research & Development,No
38,1,8,2,2133,3,2,3,Female employees,Research & Development,No
58,1,21,4,17875,3,4,4,Senior employees,Sales,No
32,1,5,1,2432,3,3,3,Female employees,Research & Development,Yes
38,0,9,1,4771,3,4,0,Men who like their jobs,Research & Development,No
49,0,2,5,19161,3,4,4,Senior employees,Research & Development,No
42,0,12,2,5087,3,4,0,Men who like their jobs,Sales,No
27,1,22,1,2863,3,2,2,Long commuters,Human Resources,Yes
35,0,18,2,5561,3,1,5,Men who dislike their jobs,Sales,No
28,0,16,1,2144,3,3,2,Long commuters,Research & Development,No
31,0,3,1,3065,3,1,5,Men who dislike their jobs,Research & Development,No
36,0,9,1,2810,4,2,1,High performers,Research & Development,No
34,0,1,3,9888,4,4,1,High performers,Sales,No
34,0,13,3,8628,3,3,0,Men who like their jobs,Sales,No
26,0,1,1,2867,3,1,5,Men who dislike their jobs,Research & Development,No
29,0,1,2,5373,3,1,5,Men who dislike their jobs,Research & Development,No
32,1,15,2,6667,3,4,3,Female employees,Research & Development,No
31,0,1,2,5003,4,1,1,High performers,Research & Development,No
28,0,17,1,2367,3,4,0,Men who like their jobs,Research & Development,Yes
38,0,1,1,2858,3,1,5,Men who dislike their jobs,Sales,No
35,1,7,2,5204,3,4,3,Female employees,Sales,No
27,0,9,2,4105,3,4,0,Men who like their jobs,Sales,No
32,0,5,2,9679,4,4,1,High performers,Research & Development,No
31,0,26,2,5617,3,4,2,Long commuters,Sales,Yes
53,0,24,3,10448,3,1,2,Long commuters,Sales,Yes
54,1,9,2,2897,3,3,3,Female employees,Research & Development,No
33,0,7,2,5968,4,3,1,High performers,Research & Development,No
43,0,11,3,7510,3,3,0,Men who like their jobs,Research & Development,No
38,0,1,1,2991,3,2,5,Men who dislike their jobs,Human Resources,No
55,0,26,5,19636,3,2,4,Senior employees,Human Resources,No
31,1,2,1,1129,3,4,3,Female employees,Research & Development,No
39,0,15,4,13341,3,1,4,Senior employees,Sales,No
42,0,23,2,4332,3,3,2,Long commuters,Research & Development,No
31,1,10,3,11031,4,3,1,High performers,Research & Development,No
54,1,10,2,4440,3,1,3,Female employees,Research & Development,No
24,0,1,2,4617,3,3,0,Men who like their jobs,Research & Development,No
23,0,12,1,2647,3,4,0,Men who like their jobs,Research & Development,No
40,1,11,2,6323,3,3,3,Female employees,Research & Development,No
40,1,2,2,5677,3,2,3,Female employees,Sales,No
25,1,2,1,2187,3,2,3,Female employees,Human Resources,No
30,0,1,1,3748,3,2,5,Men who dislike their jobs,Research & Development,No
25,0,2,1,3977,3,3,0,Men who like their jobs,Research & Development,No
47,0,25,3,8633,4,3,1,High performers,Research & Development,No
33,0,1,1,2008,3,3,0,Men who like their jobs,Research & Development,No
38,0,1,2,4440,3,2,5,Men who dislike their jobs,Sales,No
31,0,2,1,3067,3,3,0,Men who like their jobs,Sales,No
38,0,6,2,5321,3,3,0,Men who like their jobs,Research & Development,No
42,0,18,2,5410,3,1,5,Men who dislike their jobs,Research & Development,No
41,0,1,1,2782,4,4,1,High performers,Research & Development,No
47,1,1,3,11957,3,2,4,Senior employees,Research & Development,No
35,0,11,1,2660,3,3,0,Men who like their jobs,Research & Development,No
22,0,1,1,3375,3,3,0,Men who like their jobs,Research & Development,No
35,0,9,2,5098,3,3,0,Men who like their jobs,Research & Development,No
33,1,15,2,4878,3,4,3,Female employees,Research & Development,No
32,1,29,1,2837,3,2,2,Long commuters,Research & Development,No
40,0,1,1,2406,3,4,0,Men who like their jobs,Research & Development,No
32,0,1,1,2269,3,2,5,Men who dislike their jobs,Sales,No
39,0,24,2,4108,3,4,2,Long commuters,Research & Development,No
38,1,10,3,13206,3,3,4,Senior employees,Research & Development,No
32,1,1,3,10422,3,4,3,Female employees,Sales,No
37,1,10,3,13744,4,4,1,High performers,Research & Development,No
25,1,8,2,4907,4,3,1,High performers,Sales,No
52,0,29,1,3482,3,4,2,Long commuters,Sales,No
44,0,1,1,2436,3,4,0,Men who like their jobs,Research & Development,No
21,0,5,1,2380,3,1,5,Men who dislike their jobs,Sales,No
39,0,9,5,19431,3,4,4,Senior employees,Research & Development,No
23,0,9,1,1790,3,1,5,Men who dislike their jobs,Sales,Yes
36,1,3,3,7644,3,4,3,Female employees,Sales,No
36,1,4,2,5131,3,2,3,Female employees,Research & Development,No
56,0,1,2,6306,4,3,1,High performers,Research & Development,No
29,0,1,1,4787,3,4,0,Men who like their jobs,Research & Development,Yes
42,0,2,5,18880,3,3,4,Senior employees,Research & Development,No
56,0,7,1,2339,3,3,0,Men who like their jobs,Research & Development,Yes
41,1,28,4,13570,4,2,4,Senior employees,Research & Development,No
34,1,28,2,6712,4,3,1,High performers,Sales,No
36,0,15,2,5406,4,4,1,High performers,Sales,No
41,0,3,2,8938,3,2,5,Men who dislike their jobs,Sales,No
32,0,2,1,2439,3,1,5,Men who dislike their jobs,Research & Development,No
35,1,26,3,8837,3,4,2,Long commuters,Human Resources,No
38,1,10,2,5343,3,4,3,Female employees,Sales,No
50,0,1,2,6728,3,3,0,Men who like their jobs,Sales,Yes
36,1,11,2,6652,3,4,3,Female employees,Sales,No
45,1,20,2,4850,3,3,2,Long commuters,Sales,No
40,0,2,1,2809,3,3,0,Men who like their jobs,Research & Development,No
35,0,18,2,5689,3,3,2,Long commuters,Research & Development,No
40,1,2,1,2001,3,3,3,Female employees,Research & Development,No
35,1,1,1,2977,3,4,3,Female employees,Research & Development,No
29,0,13,2,4025,3,2,5,Men who dislike their jobs,Research & Development,No
29,1,28,1,3785,3,1,2,Long commuters,Research & Development,No
50,0,28,3,10854,3,1,2,Long commuters,Sales,Yes
39,1,24,4,12031,3,4,4,Senior employees,Sales,No
31,0,5,2,9936,3,1,5,Men who dislike their jobs,Research & Development,No
26,1,5,1,2966,3,3,3,Female employees,Sales,No
36,0,23,2,2571,3,4,2,Long commuters,Research & Development,No
39,0,6,3,9991,3,1,5,Men who dislike their jobs,Research & Development,No
27,0,4,2,6142,4,2,1,High performers,Research & Development,No
49,0,2,2,5390,3,2,5,Men who dislike their jobs,Sales,No
34,0,8,2,4404,3,3,0,Men who like their jobs,Research & Development,No
